date,plu_code,product_name,product_category,target_sales,prediction
2026-01-01,3424005.0,롯데)허쉬크리미밀크40g,캔디/초콜릿,15.0,6.732108225108225
2026-01-01,50166909.0,마즈)트윅스픽앤믹스10g,캔디/초콜릿,27.0,20.320526334776332
2026-01-01,50426416.0,네슬레)킷캣4핑거36.5g,캔디/초콜릿,2.0,8.517102564102565
2026-01-01,76145759.0,토블론)밀크초콜렛35g,캔디/초콜릿,6.0,8.474738705738703
2026-01-01,80050278.0,페레로)로쉐T3,캔디/초콜릿,5.0,5.075261294261295
2026-01-01,80176732.0,매일)킨더해피히포21g,과자,4.0,16.940134559884562
2026-01-01,80177609.0,매일)킨더초콜렛T4,캔디/초콜릿,3.0,9.576357864357862
2026-01-01,88002798.0,빙그레)바나나맛우유240ml,유제품,27.0,39.03668495393495
2026-01-01,88011707.0,P)말보로레드,담배,1.0,6.869759740259739
2026-01-01,88011745.0,P)말보로골드오리지널,담배,3.0,4.864410256410256
2026-01-01,88017174.0,P)말보로아이스블라스트,담배,7.0,5.316634199134199
2026-01-01,88017617.0,P)말보로아이스블라스트1mg,담배,7.0,7.295892135642132
2026-01-01,88017624.0,P)팔리아멘트하이브리드5mg,담배,2.0,6.732960317460316
2026-01-01,88020747.0,J)메비우스스카이블루,담배,4.0,6.944396825396823
2026-01-01,88020785.0,J)메비우스LSS윈드블루3mg(New),담배,6.0,12.983214091464092
2026-01-01,88020792.0,J)메비우스LSS1mg(New),담배,2.0,9.788062409812412
2026-01-01,88021140.0,J)메비우스LBS스파클링듀3mg,담배,2.0,9.648340187590183
2026-01-01,88022963.0,B)던힐스위치ONE(신),담배,4.0,6.056494949494951
2026-01-01,88023014.0,P)테리아블루,담배,16.0,18.801004134754137
2026-01-01,88023441.0,P)말보로비스타슈퍼슬림포레스트,담배,2.0,10.341803391053393
2026-01-01,88023540.0,P)테리아아버펄,담배,4.0,6.205031052281052
2026-01-01,88023977.0,B)던힐파인컷멜로우크러쉬(New),담배,13.0,6.761069624819623
2026-01-01,88024134.0,P)테리아오아시스펄,담배,1.0,6.512128787878789
2026-01-01,93682091.0,마즈)스니커즈땅콩싱글,캔디/초콜릿,2.0,9.992296536796538
2026-01-01,34000239344.0,롯데)허쉬쿠키앤크림40g,캔디/초콜릿,3.0,7.08062840511978
2026-01-01,1001258817890.0,농심)츄파춥스11g,캔디/초콜릿,6.0,10.12730094905095
2026-01-01,1500000016982.0,즉석라면)종이용기(라면조리기전용),가공식품,31.0,44.74093495393495
2026-01-01,1500000105372.0,롯데)펩시콜라캔210ml(증정용),음료,3.0,3.758531746031747
2026-01-01,1500000200572.0,CJ)햇반미역국밥,가공식품,3.0,5.871559523809521
2026-01-01,1500000200602.0,CJ)햇반순두부찌개국밥,가공식품,1.0,3.402928571428572
2026-01-01,3178530407938.0,생미쉘)초코칩마들렝175g,과자,1.0,3.1880335775335777
2026-01-01,4001686301555.0,하리보)골드베어100g,캔디/초콜릿,2.0,4.0522817460317455
2026-01-01,4001686323366.0,하리보)해피콜라100g,캔디/초콜릿,2.0,2.642586940836941
2026-01-01,4001686375754.0,하리보)프루티부시100g,캔디/초콜릿,2.0,7.7260030525030485
2026-01-01,4897036691007.0,코카)몬스터에너지캔355ml,음료,8.0,5.159947191697191
2026-01-01,4897036691120.0,코카)몬스터에너지울트라캔355ml,음료,37.0,48.25901251526251
2026-01-01,4897036693339.0,코카)몬스터에너지망고로코캔355ml,음료,25.0,24.51905303030302
2026-01-01,4897036694565.0,코카)몬스터에너지피치킨캔355ml,음료,2.0,7.375692002441999
2026-01-01,4897036694817.0,코카)몬스터에너지레모네이드캔355ml,음료,4.0,7.834459595959595
2026-01-01,5012035901738.0,하리보)스타믹스100g,캔디/초콜릿,2.0,7.244000810492188
2026-01-01,5410126132472.0,로투스)벨지안와플초콜렛57.5g,빵/디저트,1.0,32.56157936507937
2026-01-01,5410126486438.0,로투스)비스코프93g,과자,8.0,2.497105054302422
2026-01-01,6914973603035.0,마즈)스키틀즈오리지날45g,캔디/초콜릿,5.0,3.9483431013431023
2026-01-01,6914973603189.0,마즈)엠앤엠즈밀크싱글37g,캔디/초콜릿,3.0,7.181852764094142
2026-01-01,6914973603202.0,마즈)엠앤엠즈피넛싱글37g,캔디/초콜릿,1.0,8.916164862914862
2026-01-01,6921211104292.0,농심)멘토스레인보우,캔디/초콜릿,4.0,12.25104040404041
2026-01-01,6921211115076.0,농심)멘토스콜라맛,캔디/초콜릿,2.0,9.223067626817627
2026-01-01,6925425474653.0,농심)츄파춥스게코젤리90g,캔디/초콜릿,3.0,6.696867826617826
2026-01-01,6971834070290.0,아임이)고소바삭쌀과자100g(S)(24),과자,1.0,9.765752747252748
2026-01-01,7622201750749.0,호올스)자몽27.9g,캔디/초콜릿,2.0,9.80659632034632
2026-01-01,7622201750824.0,호올스)라임27.9g,캔디/초콜릿,4.0,4.871189865689866
2026-01-01,7622210248428.0,밀카)무40g,과자,7.0,7.404640248640246
2026-01-01,8410707007479.0,후버)사과주스200ml(S),유제품,5.0,5.326157647907647
2026-01-01,8410707007493.0,후버)오렌지주스200ml(S),유제품,5.0,5.647238344988344
2026-01-01,8691216095557.0,하리보)워미스사우어80g,캔디/초콜릿,3.0,6.921714285714285
2026-01-01,8691216096370.0,하리보)해피콜라향사우어80g,캔디/초콜릿,2.0,8.345460927960929
2026-01-01,8691216099579.0,하리보)골드베어사우어80g,캔디/초콜릿,4.0,9.387694444444445
2026-01-01,8691216099593.0,하리보)프리마베라80g,캔디/초콜릿,2.0,3.6334200244200243
2026-01-01,8691216107113.0,하리보)애플후프사우어80g,캔디/초콜릿,2.0,6.634206349206349
2026-01-01,8800244140096.0,아임이)벤티아메리카노블랙500ml,음료,2.0,4.1689636401610075
2026-01-01,8800244140171.0,아임이)복숭아에이드340ml,음료,5.0,4.351496031746031
2026-01-01,8800244140232.0,아임이)얼포카340ml,음료,7.0,5.433031746031747
2026-01-01,8800244143028.0,아임이)얼배카340ml,음료,3.0,5.498044816294814
2026-01-01,8801001238179.0,하이트)블랙보리라이트펫520ml,음료,25.0,15.548989898989905
2026-01-01,8801007002989.0,CJ)햇반작은공기130g,가공식품,12.0,9.081691919191918
2026-01-01,8801007009377.0,CJ)가쓰오우동한그릇용기면222.5g,간편식품,2.0,6.866422605172603
2026-01-01,8801007171210.0,HK)헛개수펫500ml,음료,50.0,3.749197358197358
2026-01-01,8801007280417.0,CJ)비비고썰은배추김치60g,간편식품,4.0,9.047202380952381
2026-01-01,8801007310572.0,CJ)햇반210g(48),가공식품,2.0,12.104765678765677
2026-01-01,8801007353395.0,CJ)햇반스팸김치볶음밥컵220g,간편식품,1.0,3.725304140304142
2026-01-01,8801007423180.0,CJ)햇반강된장보리비빔밥,가공식품,1.0,5.096928210678211
2026-01-01,8801007429298.0,CJ)비비고찐만두168g,간편식품,3.0,4.141845238095238
2026-01-01,8801007566412.0,CJ)햇반중화마파덮밥,가공식품,3.0,4.846690115440115
2026-01-01,8801007608112.0,CJ)햇반직화불고기덮밥,가공식품,2.0,5.6605353535353515
2026-01-01,8801007635989.0,CJ)비비고김치볶음80g,간편식품,2.0,8.391678219123868
2026-01-01,8801007732442.0,CJ)햇반스팸마요덮밥,가공식품,2.0,5.80135678210678
2026-01-01,8801007778280.0,CJ)햇반치킨마요덮밥,가공식품,2.0,4.767224386724387
2026-01-01,8801007835396.0,CJ)맥스봉직화구이꼬치바90g,간편식품,4.0,15.578299783549781
2026-01-01,8801007849126.0,CJ)맥스봉오리지널50g,간편식품,6.0,6.652530663780664
2026-01-01,8801007867045.0,CJ)햇반스팸김치덮밥,가공식품,1.0,8.409272727272725
2026-01-01,8801007880303.0,CJ)맥스봉직화구이꼬치바청양고추90g,간편식품,1.0,13.41603696303696
2026-01-01,8801007899985.0,CJ)닭가슴살소시지핫바80g,간편식품,33.0,32.20472005772006
2026-01-01,8801007928906.0,CJ)비비고육즙불고기찐만두168g,간편식품,1.0,5.67291469038208
2026-01-01,8801007951805.0,CJ)닭가슴살청양고추핫바80g,간편식품,16.0,36.82710497835498
2026-01-01,8801013776034.0,큐원)상쾌환스틱(망고맛),커피차/건강,1.0,5.40686507936508
2026-01-01,8801013777376.0,큐원)상쾌환스틱(샤인머스캣맛),커피차/건강,3.0,6.135910894660896
2026-01-01,8801019005909.0,해태)연양갱,캔디/초콜릿,2.0,6.73223088023088
2026-01-01,8801019204951.0,해태)자유시간36g,캔디/초콜릿,15.0,7.215992784992784
2026-01-01,8801019207655.0,해태)자유시간아몬드36g,캔디/초콜릿,5.0,26.19416955266956
2026-01-01,8801019209000.0,해태)충전시간40g,캔디/초콜릿,1.0,8.262095487845487
2026-01-01,8801019306495.0,해태)초코홈런볼46g,과자,1.0,3.7911612554112524
2026-01-01,8801019307089.0,해태)크림맛웨하스50g(40),과자,6.0,3.6051390771064673
2026-01-01,8801019314742.0,해태)사브레84g,과자,4.0,4.990516233766234
2026-01-01,8801019602498.0,해태)구운감자1000(30),과자,10.0,5.576280164280164
2026-01-01,8801019606540.0,해태)허니버터칩(16),과자,3.0,4.863244588744589
2026-01-01,8801019607912.0,해태)자가비짭짤한맛45g(12),과자,5.0,9.776407509157506
2026-01-01,8801033000126.0,정식품)베지밀B병190ml,유제품,3.0,6.219783577533577
2026-01-01,8801033808913.0,정식품)베지밀고단백두유초코팩190ml,유제품,3.0,57.07832708957708
2026-01-01,8801037008173.0,동서)스타벅스더블샷바닐라캔200ml,음료,7.0,4.095205266955266
2026-01-01,8801037035476.0,동서)스타벅스더블샷에스프레소크림캔200ml,음료,1.0,3.393896825396825
2026-01-01,8801037086188.0,동서)스타벅스오리지날병281ml,음료,2.0,3.653829004329005
2026-01-01,8801037086195.0,동서)스타벅스모카병281ml,음료,6.0,5.715170634920637
2026-01-01,8801037086942.0,동서)스타벅스라떼컵200ml,유제품,1.0,5.945990981240982
2026-01-01,8801037087543.0,동서)티오피마스터라떼캔275ml,음료,2.0,6.030944033935413
2026-01-01,8801037087550.0,동서)티오피아메리카노캔275ml,음료,5.0,3.4015703740703738
2026-01-01,8801037088168.0,오레오)화이트크림100g(24),과자,4.0,3.8777308802308794
2026-01-01,8801037090178.0,동서)오레오웨하스스틱(낱개),캔디/초콜릿,1.0,17.85180266955267
2026-01-01,8801037094701.0,동서)포스트단백질바50g,캔디/초콜릿,9.0,6.31898595848596
2026-01-01,8801037095845.0,동서)콘푸라이트밀크바35g,캔디/초콜릿,33.0,8.792688311688309
2026-01-01,8801037095876.0,동서)포스트오곡코코볼바33g,캔디/초콜릿,17.0,5.893200244200244
2026-01-01,8801037096378.0,동서)스타벅스셀렉트카페라떼펫300ml,음료,30.0,6.847630952380952
2026-01-01,8801037096392.0,동서)스타벅스셀렉트바닐라라떼펫300ml,음료,10.0,5.311535214785214
2026-01-01,8801043005814.0,농심)포테토칩오리지날60g(20),과자,1.0,4.07000468975469
2026-01-01,8801043014731.0,농심)안성탕면봉지,가공식품,5.0,4.896756715506714
2026-01-01,8801043014809.0,농심)신라면봉지,가공식품,5.0,13.90162914862915
2026-01-01,8801043014984.0,농심)얼큰한너구리봉지,가공식품,11.0,9.68138564213564
2026-01-01,8801043015226.0,농심)올리브짜파게티봉지,가공식품,7.0,6.5252211399711415
2026-01-01,8801043015608.0,농심)짜파게티범벅소컵,가공식품,5.0,9.920391774891776
2026-01-01,8801043015639.0,농심)김치사발면,가공식품,16.0,37.04244624819625
2026-01-01,8801043015653.0,농심)육개장사발면,가공식품,36.0,128.43656041181046
2026-01-01,8801043015714.0,농심)신라면소컵,가공식품,9.0,9.995761904761904
2026-01-01,8801043015745.0,농심)오징어짬뽕소컵,가공식품,2.0,5.964582972582971
2026-01-01,8801043015776.0,농심)새우탕소컵,가공식품,4.0,5.987786879786878
2026-01-01,8801043015813.0,농심)튀김우동소컵,가공식품,2.0,13.918805555555558
2026-01-01,8801043015837.0,농심)너구리소컵,가공식품,2.0,5.8280622710622705
2026-01-01,8801043015929.0,농심)김치큰사발,가공식품,3.0,10.476293650793648
2026-01-01,8801043015943.0,농심)사리곰탕큰사발,가공식품,10.0,13.865675463425461
2026-01-01,8801043015967.0,농심)새우탕큰사발,가공식품,14.0,15.475504828504823
2026-01-01,8801043015981.0,농심)신라면큰사발,가공식품,12.0,11.186618131868132
2026-01-01,8801043016025.0,농심)육개장큰사발,가공식품,3.0,8.896837107337102
2026-01-01,8801043016049.0,농심)짜파게티큰사발,가공식품,7.0,17.897475829725824
2026-01-01,8801043016070.0,농심)튀김우동큰사발,가공식품,16.0,33.822191197691204
2026-01-01,8801043016117.0,농심)오징어짬뽕큰사발,가공식품,5.0,5.573149572649572
2026-01-01,8801043017022.0,농심)신라면툼바큰사발,가공식품,11.0,12.709678571428567
2026-01-01,8801043017602.0,농심)너구리큰사발,가공식품,7.0,10.838245837495833
2026-01-01,8801043020237.0,농심)사천짜파게티큰사발,가공식품,10.0,4.624234126984127
2026-01-01,8801043022781.0,농심)백산수펫500ml,음료,7.0,15.838269647019645
2026-01-01,8801043031431.0,농심)쫄병스낵매콤한맛(30),과자,13.0,12.080589271839274
2026-01-01,8801043035989.0,농심)새우깡90g(20),과자,1.0,4.035682178932178
2026-01-01,8801043036078.0,농심)매운새우깡90g(20),과자,4.0,4.135301226551226
2026-01-01,8801043036436.0,농심)포스틱84g(20),과자,1.0,5.02132756132756
2026-01-01,8801043041447.0,농심)신라면블랙사발면,가공식품,8.0,12.36230139305139
2026-01-01,8801043045643.0,농심)안성탕면소컵,가공식품,4.0,6.349969780219779
2026-01-01,8801043048774.0,농심)쫄병스낵짜파게티맛77g(30),과자,1.0,7.871685286935286
2026-01-01,8801043056137.0,농심)앵그리짜파구리큰컵,가공식품,12.0,12.390873876123877
2026-01-01,8801043056489.0,농심)신라면건면사발면,가공식품,8.0,11.076067266067264
2026-01-01,8801043062480.0,농심)카구리큰사발,가공식품,1.0,9.80416341991342
2026-01-01,8801043067317.0,츄파춥스)사워바이츠60g,캔디/초콜릿,7.0,7.404162198912197
2026-01-01,8801043070058.0,농심)빵부장초코빵55g(16),과자,7.0,4.146606532356532
2026-01-01,8801043450690.0,농심)웰치포도캔355ml,음료,4.0,4.94629711954712
2026-01-01,8801043650182.0,농심)카프리썬오렌지파우치200ml,음료,3.0,6.356832251082252
2026-01-01,8801043650311.0,농심)카프리썬오렌지망고파우치200ml,음료,6.0,5.490785214785213
2026-01-01,8801045146980.0,오뚜기)진라면볶음밥컵230g,간편식품,4.0,3.245183886098646
2026-01-01,8801045512518.0,오뚜기)컵누들마라탕소컵,가공식품,6.0,8.057939255189254
2026-01-01,8801045520124.0,오뚜기)진라면매운맛봉지,가공식품,3.0,5.745218975468974
2026-01-01,8801045521015.0,오뚜기)열라면봉지,가공식품,4.0,7.943132034632034
2026-01-01,8801045551890.0,오뚜기)열라면소컵,가공식품,7.0,7.630611111111111
2026-01-01,8801045555041.0,오뚜기)열튀김우동큰컵,가공식품,8.0,8.73278174603174
2026-01-01,8801045560052.0,오뚜기)뿌셔뿌셔양념치킨맛(24),과자,2.0,6.225778947778948
2026-01-01,8801045560076.0,오뚜기)뿌셔뿌셔바베큐맛(24),과자,2.0,3.4802801087801076
2026-01-01,8801045570082.0,오뚜기)진라면매운맛소컵,가공식품,4.0,11.676414502164503
2026-01-01,8801045570419.0,오뚜기)참깨라면큰컵,가공식품,16.0,26.70464862914863
2026-01-01,8801045570716.0,오뚜기)열라면큰컵,가공식품,10.0,11.081899877899877
2026-01-01,8801045571362.0,오뚜기)진라면순한맛큰컵,가공식품,4.0,5.030105921855922
2026-01-01,8801045571386.0,오뚜기)라면볶이큰컵,가공식품,16.0,13.365822150072145
2026-01-01,8801045571416.0,오뚜기)스파게티큰컵,가공식품,8.0,17.48575757575757
2026-01-01,8801045571577.0,오뚜기)컵누들매콤한맛소컵,가공식품,1.0,7.917459956709953
2026-01-01,8801045571638.0,오뚜기)진라면매운맛큰컵,가공식품,7.0,11.538559163059162
2026-01-01,8801045572666.0,오뚜기)스낵면소컵,가공식품,5.0,8.555031746031746
2026-01-01,8801045572802.0,오뚜기)치즈볶이큰컵,가공식품,3.0,10.309234126984125
2026-01-01,8801045572833.0,오뚜기)참깨라면소컵,가공식품,3.0,9.219769841269837
2026-01-01,8801045574097.0,오뚜기)컵누들베트남쌀국수맛소컵,가공식품,2.0,6.141554473304472
2026-01-01,8801045574585.0,오뚜기)진짬뽕용기큰컵,가공식품,12.0,10.846380758130756
2026-01-01,8801045576497.0,오뚜기)크림진짬뽕큰컵,가공식품,4.0,7.196169413919413
2026-01-01,8801045702643.0,오뚜기)육개장소컵,가공식품,15.0,13.77545218670219
2026-01-01,8801045720760.0,오뚜기)열려라참깨라면큰컵,가공식품,4.0,11.255178571428571
2026-01-01,8801045759623.0,오뚜기)참깨라면볶음면큰컵,가공식품,2.0,6.1318985181485175
2026-01-01,8801045890418.0,오뚜기)맛있는밥210g,가공식품,18.0,49.12888888888889
2026-01-01,8801045890432.0,오뚜기)맛있는큰밥300g,가공식품,8.0,6.864407647907643
2026-01-01,8801045890692.0,오뚜기)맛있는작은밥150g,가공식품,1.0,10.077260989010984
2026-01-01,8801045892344.0,오뚜기)컵밥김치알밥,가공식품,3.0,3.1146749639249633
2026-01-01,8801045892641.0,오뚜기)컵밥참치마요덮밥,가공식품,1.0,3.1699024248698158
2026-01-01,8801045897585.0,오뚜기)컵밥얼큰순후추돼지국밥,가공식품,2.0,4.897381673881673
2026-01-01,8801045931234.0,오뚜기)참치김치치즈볶음밥230g,간편식품,2.0,2.715279769747161
2026-01-01,8801045941103.0,오뚜기)새우볶음밥컵230g,간편식품,1.0,4.099544011544013
2026-01-01,8801047161608.0,동원)양반쇠고기죽287.5g,가공식품,1.0,6.674113275613275
2026-01-01,8801047284482.0,동원)보성홍차복숭아제로아이스티펫500ml,음료,16.0,29.279706349206354
2026-01-01,8801047284499.0,동원)보성홍차레몬제로아이스티펫500ml,음료,4.0,11.879547258297261
2026-01-01,8801047284550.0,동원)보성홍차애플제로아이스티펫500ml,음료,12.0,7.883716089466088
2026-01-01,8801047284598.0,동원)보성홍차샤인머스캣제로아이스티펫500ml,음료,8.0,19.09071658896659
2026-01-01,8801047284642.0,동원)비타C자몽에이드제로펫500ml,음료,4.0,9.566970057720056
2026-01-01,8801047289852.0,동원)보성말차펫500ml,음료,20.0,33.21149206349207
2026-01-01,8801047290117.0,동원)쿨피스톡제로파인애플펫340ml,음료,1.0,5.292614579864582
2026-01-01,8801047291282.0,동원)양반매실차펫500ml,음료,39.0,35.13153968253969
2026-01-01,8801056002701.0,롯데)2%복숭아제로캔240ml,음료,3.0,8.064262626262625
2026-01-01,8801056002725.0,롯데)2%복숭아제로펫500ml,음료,12.0,77.0565006105006
2026-01-01,8801056018900.0,롯데)칸타타스위트아메리카노캔275ml,음료,3.0,4.609303862803863
2026-01-01,8801056018948.0,롯데)칸타타프리미엄라떼캔275ml,음료,12.0,4.464806457431457
2026-01-01,8801056018979.0,롯데)레쓰비마일드캔200ml,음료,4.0,4.476460317460318
2026-01-01,8801056040925.0,롯데)칠성사이다캔355ml,음료,2.0,4.448880813630815
2026-01-01,8801056043551.0,롯데)밀키스캔340ml,음료,4.0,10.933984126984125
2026-01-01,8801056044534.0,롯데)립톤아이스티제로복숭아펫500ml,음료,2.0,4.979042429792428
2026-01-01,8801056049201.0,롯데)게토레이레몬펫600ml,음료,4.0,8.20590354090354
2026-01-01,8801056055189.0,롯데)트레비라임펫500ml,음료,2.0,6.31092171717172
2026-01-01,8801056055202.0,롯데)트레비레몬펫500ml,음료,7.0,4.189680014430015
2026-01-01,8801056083564.0,롯데)칸타타아이스블랙230ml,음료,1.0,5.707668470418472
2026-01-01,8801056083588.0,롯데)칸타타아이스카라멜마끼아또230ml,음료,5.0,8.723718253968253
2026-01-01,8801056094591.0,롯데)칸타타콘트라베이스펫500ml,음료,3.0,13.867843240093237
2026-01-01,8801056096052.0,롯데)칸타타콘트라베이스저칼로리라떼펫500ml,음료,3.0,9.919842352092349
2026-01-01,8801056097899.0,롯데)레쓰비그란데라떼펫500ml,음료,1.0,9.672715589965591
2026-01-01,8801056098834.0,롯데)핫식스더킹파워캔355ml,음료,6.0,12.005503968253963
2026-01-01,8801056104078.0,옐로우)올데이워터생수펫1L,음료,27.0,32.8319512987013
2026-01-01,8801056143015.0,롯데)칠성사이다캔250ml,음료,2.0,7.782684113300493
2026-01-01,8801056150013.0,롯데)펩시콜라캔355ml,음료,8.0,33.49366558441558
2026-01-01,8801056154011.0,롯데)밀키스캔250ml,음료,2.0,6.8206269841269815
2026-01-01,8801056171032.0,롯데)핫식스더킹포스캔355ml,음료,56.0,191.44418559218565
2026-01-01,8801056174149.0,롯데)레쓰비그란데헤이즐넛펫500ml,음료,1.0,9.15623074148074
2026-01-01,8801056175900.0,롯데)펩시콜라제로캔355ml,음료,100.0,27.78817460317461
2026-01-01,8801056175955.0,롯데)펩시콜라제로펫500ml,음료,8.0,58.499195054945055
2026-01-01,8801056177584.0,롯데)칠성사이다제로펫500ml,음료,8.0,4.149669413919414
2026-01-01,8801056177645.0,롯데)칠성사이다제로캔355ml,음료,2.0,12.498713369963372
2026-01-01,8801056178925.0,롯데)핫식스더킹러쉬캔355ml,음료,33.0,28.071714285714293
2026-01-01,8801056192013.0,롯데)칠성사이다펫500ml,음료,13.0,2.8137882395382388
2026-01-01,8801056193010.0,롯데)펩시콜라펫600ml,음료,6.0,26.171000721500732
2026-01-01,8801056228255.0,롯데)핫식스더킹제로캔355ml,음료,31.0,35.00625396825397
2026-01-01,8801056233204.0,롯데)밀키스제로캔250ml,음료,2.0,8.539090048840048
2026-01-01,8801056234065.0,롯데)핫식스제로캔250ml,음료,6.0,11.420984126984127
2026-01-01,8801056234423.0,롯데)핫식스더킹크러쉬피치캔355ml,음료,6.0,11.850793650793648
2026-01-01,8801056240998.0,롯데)핫식스더킹퍼플그레이프캔355ml,음료,20.0,24.135250000000013
2026-01-01,8801056243258.0,롯데)게토레이제로펫600ml,음료,1.0,7.750387307137306
2026-01-01,8801056245085.0,롯데)펩시콜라제로카페인펫500ml,음료,1.0,12.072159312909312
2026-01-01,8801056248758.0,롯데)펩시콜라제로모히토펫500ml,음료,2.0,6.467125763125762
2026-01-01,8801056610012.0,롯데)펩시콜라캔250ml,음료,1.0,4.432466810966812
2026-01-01,8801056624019.0,롯데)콜드포도펫250ml,유제품,3.0,3.7496320346320346
2026-01-01,8801056716011.0,롯데)마운틴듀캔355ml,음료,5.0,10.50178643578643
2026-01-01,8801056755010.0,롯데)밀키스펫500ml,음료,11.0,9.967904567654564
2026-01-01,8801056831011.0,롯데)솔의눈캔240ml,음료,1.0,3.0951783988957904
2026-01-01,8801056836016.0,롯데)게토레이캔240ml,음료,2.0,3.4694809912309914
2026-01-01,8801062012725.0,롯데)아몬드빼빼로37g(40),과자,2.0,7.222355561105559
2026-01-01,8801062012756.0,롯데)초코필드빼빼로53g(40),과자,3.0,7.464550366300366
2026-01-01,8801062014002.0,롯데)도리토스갈비천왕치킨맛84g(12),과자,2.0,6.654658730158727
2026-01-01,8801062278053.0,롯데)가나초코바아몬드43g,캔디/초콜릿,1.0,3.776779942279943
2026-01-01,8801062318490.0,롯데)자일리톨코팅,캔디/초콜릿,6.0,5.344598795840174
2026-01-01,8801062318551.0,롯데)자일리톨빅팩F,캔디/초콜릿,10.0,10.51065745365745
2026-01-01,8801062320837.0,롯데)왓따껌복숭아맛23g,캔디/초콜릿,18.0,5.677221201212579
2026-01-01,8801062321773.0,롯데)왓따껌콜라맛23g,캔디/초콜릿,10.0,9.554069624819626
2026-01-01,8801062323159.0,롯데)후라보노오리지날26g,캔디/초콜릿,3.0,7.784151154401152
2026-01-01,8801062335633.0,롯데)밀크카라멜50g,캔디/초콜릿,2.0,5.905845820845822
2026-01-01,8801062380213.0,롯데)꼬깔콘군옥수수맛67g(12),과자,4.0,3.286477453102454
2026-01-01,8801062381937.0,롯데)꼬깔콘매콤달콤한맛67g(12),과자,6.0,3.031245670995671
2026-01-01,8801062475711.0,롯데)땅콩미니샌드100g,빵/디저트,14.0,4.909853174603172
2026-01-01,8801062475728.0,롯데)딸기미니샌드100g,빵/디저트,2.0,5.346345238095238
2026-01-01,8801062475735.0,롯데)연유미니샌드100g,빵/디저트,2.0,7.313988095238093
2026-01-01,8801062518210.0,롯데)칸쵸54g(32),과자,1.0,9.276793650793651
2026-01-01,8801062628476.0,롯데)크런키34g,캔디/초콜릿,15.0,15.720044538794534
2026-01-01,8801062633456.0,롯데)크런키볼용기76g,캔디/초콜릿,1.0,7.385709706959707
2026-01-01,8801062633715.0,롯데)드림카카오72프로용기86g,캔디/초콜릿,7.0,6.293194805194803
2026-01-01,8801062634330.0,롯데)아몬드초코볼46g,캔디/초콜릿,2.0,4.049253968253968
2026-01-01,8801062634415.0,롯데)빈츠102g(20),과자,5.0,3.1430974025974034
2026-01-01,8801062636884.0,롯데)가나초콜렛34g,캔디/초콜릿,1.0,4.935425566291945
2026-01-01,8801062640782.0,롯데)크런키더블크런치바36g,캔디/초콜릿,15.0,28.575591630591642
2026-01-01,8801062864133.0,롯데)왓따망고23g,캔디/초콜릿,3.0,3.4568791486291497
2026-01-01,8801062865680.0,롯데)제로초콜릿칩쿠키84g,과자,2.0,2.129806465273856
2026-01-01,8801062870509.0,롯데)롯데샌드105gR(30),과자,3.0,3.286015700483091
2026-01-01,8801062870585.0,롯데)ABC초콜릿72gR,캔디/초콜릿,1.0,2.375696608946609
2026-01-01,8801062874125.0,롯데)크런키초코바30g,캔디/초콜릿,11.0,9.127031746031747
2026-01-01,8801062878529.0,롯데)더블크런치바쿠앤크33g,캔디/초콜릿,1.0,12.639491702741704
2026-01-01,8801062885404.0,롯데)짱셔요후르츠51g,캔디/초콜릿,7.0,8.34824742769308
2026-01-01,8801062885428.0,롯데)짱셔요콜라50g,캔디/초콜릿,5.0,4.966579004329005
2026-01-01,8801062893546.0,롯데)ABC초코쿠키50g(32),과자,2.0,6.67237651237651
2026-01-01,8801066019447.0,사조)숯불구이맛후랑크70g,간편식품,2.0,35.206858946608946
2026-01-01,8801068086003.0,삼립)정통크림빵75g,빵/디저트,9.0,8.123824564324561
2026-01-01,8801068371192.0,삼립)잼있는사과쿠키,빵/디저트,9.0,7.6165674603174605
2026-01-01,8801068371208.0,삼립)잼있는딸기쿠키,빵/디저트,1.0,6.969194222444221
2026-01-01,8801068392944.0,삼립)초코블랑48g,빵/디저트,2.0,10.326962648462645
2026-01-01,8801068400786.0,삼립)허쉬초코샌드95g,빵/디저트,4.0,5.2901535409035425
2026-01-01,8801068402254.0,포켓몬)파이리핫소스팡90g,빵/디저트,1.0,7.161514790764791
2026-01-01,8801068402285.0,포켓몬)로켓단초코롤85g,빵/디저트,1.0,7.029121794871794
2026-01-01,8801068405453.0,삼립)주종단팥크림빵115g,빵/디저트,1.0,8.884781746031745
2026-01-01,8801068405460.0,삼립)주종카스타드소보루130g,빵/디저트,1.0,7.614615800865801
2026-01-01,8801068405484.0,삼립)주종슈크림빵90g,빵/디저트,12.0,5.645411477411477
2026-01-01,8801068405545.0,삼립)순우유밀크요팡65G,빵/디저트,5.0,7.074656204906204
2026-01-01,8801068405569.0,삼립)순우유연유요팡 80g,빵/디저트,3.0,6.395495310245309
2026-01-01,8801068405576.0,삼립)순우유완듀팡110g,빵/디저트,12.0,6.089927350427351
2026-01-01,8801068407501.0,삼립)미니꿀약과70g,빵/디저트,5.0,5.541748778998781
2026-01-01,8801068409062.0,삼립)풍미가촉촉치즈케익95g,빵/디저트,2.0,11.158888888888887
2026-01-01,8801068912463.0,삼립)발효빅스위트데니쉬100g,빵/디저트,2.0,5.656171309366963
2026-01-01,8801068912913.0,삼립)NEW정통보름달88g,빵/디저트,11.0,7.182988775113773
2026-01-01,8801068913699.0,삼립)버터갈릭스크램블샌드위치2편,조리빵,7.0,16.429401320901324
2026-01-01,8801068921403.0,삼립)트리플치즈부리또125g,간편식품,30.0,6.88146595071595
2026-01-01,8801068921410.0,삼립)트리플미트부리또125g,간편식품,28.0,10.128833333333333
2026-01-01,8801068922738.0,삼립)그릴후랑크70g,간편식품,13.0,15.03017243867244
2026-01-01,8801068928761.0,삼립)베이컨체다치즈부리또125g,간편식품,1.0,6.80453133822699
2026-01-01,8801069171067.0,남양)초코에몽190ml,유제품,11.0,16.78105713730714
2026-01-01,8801069415833.0,남양)테이크핏프로틴고소한맛250ml,유제품,2.0,5.288875152625152
2026-01-01,8801069416007.0,남양)테이크핏프로틴초코250ml,유제품,1.0,5.068068986568988
2026-01-01,8801069419619.0,남양)테이크핏호박고구마250ml,유제품,4.0,5.759237012987013
2026-01-01,8801073102538.0,삼양)삼양라면봉지면,가공식품,2.0,4.229496933621935
2026-01-01,8801073110502.0,삼양)불닭볶음면봉지,가공식품,1.0,3.585262800605191
2026-01-01,8801073112278.0,삼양)삼양라면큰컵,가공식품,14.0,7.496036796536796
2026-01-01,8801073210233.0,삼양)간짬뽕큰컵,가공식품,12.0,9.150265678765674
2026-01-01,8801073210363.0,삼양)불닭볶음면큰컵,가공식품,40.0,43.637887334887346
2026-01-01,8801073210776.0,삼양)불닭볶음면소컵,가공식품,9.0,9.579539682539686
2026-01-01,8801073210967.0,삼양)치즈불닭볶음면큰컵,가공식품,4.0,6.758194083694084
2026-01-01,8801073211469.0,삼양)까르보불닭볶음면큰컵,가공식품,14.0,14.537460317460313
2026-01-01,8801073211520.0,삼양)까르보불닭볶음면소컵,가공식품,4.0,9.449143578643577
2026-01-01,8801073212596.0,삼양)네가지치즈불닭볶음큰컵,가공식품,7.0,13.670085497835498
2026-01-01,8801074004107.0,옐로우)레드크랩150g,간편식품,9.0,8.151753968253969
2026-01-01,8801094000288.0,코카)파워에이드제로라임펫600ml,음료,1.0,37.34832215007216
2026-01-01,8801094013004.0,코카)콜라캔250ml,음료,23.0,10.735737259816203
2026-01-01,8801094017200.0,코카)콜라캔350ml,음료,6.0,5.048085090030743
2026-01-01,8801094017606.0,코카)콜라펫500ml,음료,34.0,10.768832417582416
2026-01-01,8801094082604.0,코카)콜라제로펫500ml,음료,4.0,46.874171606171615
2026-01-01,8801094083007.0,코카)콜라제로캔250ml,음료,7.0,6.38081118881119
2026-01-01,8801094083205.0,코카)콜라제로캔350ml,음료,2.0,6.832189502018449
2026-01-01,8801094212728.0,코카)파워에이드제로펫600ml,음료,5.0,6.843399572649572
2026-01-01,8801094263218.0,코카)환타제로파인캔350ml,음료,8.0,6.452816239316239
2026-01-01,8801094347208.0,코카)환타제로오렌지캔350ml,음료,4.0,6.834224558965937
2026-01-01,8801094362409.0,코카)파워에이드마운틴펫1.5L,음료,4.0,2.888775621118012
2026-01-01,8801094362706.0,코카)파워에이드마운틴펫600ml,음료,1.0,5.1832109002108995
2026-01-01,8801094363000.0,코카)파워에이드마운틴캔240ml,음료,9.0,6.902415806415807
2026-01-01,8801094412005.0,코카)토레타펫500ml,음료,9.0,6.863514652014652
2026-01-01,8801094412371.0,코카)토레타제로펫500ml,음료,26.0,8.158857725607726
2026-01-01,8801094502669.0,코카)조지아블랙펫470ml,음료,6.0,15.149367243867243
2026-01-01,8801094503000.0,코카)조지아오리지널캔240ml,음료,1.0,5.721934451513399
2026-01-01,8801094523206.0,코카)조지아맥스캔240ml,음료,1.0,4.820664224664225
2026-01-01,8801094602703.0,코카)파워에이드스칼렛스톰펫600ml,음료,6.0,6.237789321789321
2026-01-01,8801094603700.0,코카)파워에이드퍼플스톰펫600ml,음료,1.0,5.9598485958485945
2026-01-01,8801094962104.0,코카)스프라이트제로펫500ml,음료,18.0,5.184836802086803
2026-01-01,8801097135215.0,동아)나랑드사이다제로캔245ml,음료,12.0,12.000305555555553
2026-01-01,8801097136519.0,동아)나랑드사이다제로그린애플캔245ml,음료,4.0,5.615800727050728
2026-01-01,8801097150010.0,동아)포카리스웨트캔240ml,음료,3.0,6.965046398046399
2026-01-01,8801097160064.0,동아)데미소다애플캔250ml,음료,6.0,4.682955128205127
2026-01-01,8801097168404.0,동아)데미소다복숭아캔250ml,음료,4.0,5.6521867993117985
2026-01-01,8801097250079.0,동아)포카리스웨트펫620ml,음료,10.0,15.232627511377506
2026-01-01,8801097481206.0,동아)데자와밀크티펫500ml,음료,2.0,5.517729323308272
2026-01-01,8801104221467.0,빙그레)딸기맛우유240ml,유제품,1.0,5.416904623154624
2026-01-01,8801104304023.0,빙그레)사이즈업아메리카노350ml,유제품,29.0,5.965438783438782
2026-01-01,8801104304047.0,빙그레)사이즈업카페라떼350ml,유제품,11.0,5.987296536796537
2026-01-01,8801104306591.0,빙그레)사이즈업바닐라라떼350ml,유제품,21.0,7.164020174270173
2026-01-01,8801104666428.0,빙그레)통모짜스트링치즈18g,유제품,1.0,6.8457062104562105
2026-01-01,8801104940931.0,빙그레)사이즈업연유라떼350ml,유제품,9.0,9.971737373737374
2026-01-01,8801104946506.0,옐로우)단에이드500ml,유제품,5.0,13.067722943722949
2026-01-01,8801104946520.0,옐로우)신에이드500ml,유제품,3.0,8.379138888888885
2026-01-01,8801105911299.0,코카)포도봉봉캔340ml,음료,3.0,3.4847977994228
2026-01-01,8801105914382.0,코카)영진구론산병150ml,음료,5.0,14.944936868686868
2026-01-01,8801105914610.0,코카)영진구론산스파클링병150ml,음료,11.0,16.911155289155293
2026-01-01,8801105915006.0,코카)갈아만든배캔340ml,음료,3.0,2.8549340460264374
2026-01-01,8801105915709.0,코카)갈아만든배펫500ml,음료,2.0,5.334680483259432
2026-01-01,8801111180993.0,크라운)콘초1500(18),과자,1.0,2.8521022727272727
2026-01-01,8801111186117.0,크라운)쿠크다스화이트128g,과자,1.0,2.224132583599975
2026-01-01,8801111186582.0,크라운)참크래커56g(W),과자,4.0,5.010872843340236
2026-01-01,8801111187879.0,크라운)마이쮸딸기44g,캔디/초콜릿,1.0,5.386357509157508
2026-01-01,8801111187893.0,크라운)마이쮸포도44g,캔디/초콜릿,2.0,7.577772319467972
2026-01-01,8801111187916.0,크라운)마이쮸사과44g,캔디/초콜릿,1.0,6.161425324675326
2026-01-01,8801111187992.0,크라운)새콤달콤딸기,캔디/초콜릿,1.0,5.270407875457878
2026-01-01,8801111188012.0,크라운)새콤달콤포도,캔디/초콜릿,7.0,8.822095959595957
2026-01-01,8801111611312.0,크라운)콘칲70g(16),과자,3.0,6.109218614718615
2026-01-01,8801111911689.0,크라운)키커바현미28g,캔디/초콜릿,3.0,5.663059579309578
2026-01-01,8801111922708.0,크라운)밤양갱50g,캔디/초콜릿,16.0,5.00183608058608
2026-01-01,8801111930055.0,크라운)키커바녹차30g,캔디/초콜릿,4.0,3.843232545232545
2026-01-01,8801111951876.0,크라운)마이쮸애플망고44g,캔디/초콜릿,1.0,6.338307975357975
2026-01-01,8801115114031.0,서울)흰우유200ml,유제품,8.0,11.695875901875906
2026-01-01,8801115224303.0,동서)스타벅스카페모카320ml,유제품,10.0,8.673279725829724
2026-01-01,8801115382096.0,동서)스타벅스바닐라라떼200ml,유제품,19.0,6.1746984126984135
2026-01-01,8801115382102.0,동서)스타벅스바닐라라떼320ml,유제품,1.0,6.990337301587299
2026-01-01,8801115691181.0,서울)체다치즈54g,유제품,2.0,7.51823402153402
2026-01-01,8801116001293.0,K)보헴시가넘버6,담배,3.0,2.9708606532356536
2026-01-01,8801116005314.0,01K)에쎄체인지1mg,담배,11.0,12.579707237207238
2026-01-01,8801116006076.0,K)더원체인지,담배,4.0,9.060346542346542
2026-01-01,8801116008551.0,K)디스아프리카아이스잭5mg,담배,2.0,7.136156676656676
2026-01-01,8801116012176.0,K)릴하이브리드(액상카트리지),담배,40.0,47.12393098568099
2026-01-01,8801116012435.0,32K)MIIX믹스,담배,13.0,17.194010101010104
2026-01-01,8801116013050.0,K)릴하이브리드(액상카트리지)보루(신),담배,1.0,8.09423942723943
2026-01-01,8801116013234.0,31K)MIIX아이스더블,담배,19.0,15.425075896325895
2026-01-01,8801116013319.0,12K)에쎄히말라야1mg,담배,24.0,19.10723534798535
2026-01-01,8801116015887.0,03K)에쎄체인지프로즌,담배,13.0,7.187625763125761
2026-01-01,8801116015931.0,33K)MIIX아이스뱅,담배,3.0,15.890529581529586
2026-01-01,8801116016419.0,34K)MIIX콤보,담배,1.0,7.420550366300365
2026-01-01,8801116019397.0,K)레종프렌치아이스블랑,담배,2.0,6.963002747252747
2026-01-01,8801116021888.0,04K)에쎄체인지그램,담배,11.0,6.689284493284491
2026-01-01,8801116022731.0,K)보헴시가아이스핏,담배,7.0,9.078760683760683
2026-01-01,8801116025251.0,15K)에쎄이츠딥브라운1mg,담배,1.0,9.937707070707074
2026-01-01,8801116036028.0,K)레종이오니아아일랜드핑크0.1mg,담배,2.0,9.301214507714507
2026-01-01,8801116036066.0,K)레종이오니아아쿠아그린0.1mg,담배,2.0,11.254311494061497
2026-01-01,8801116037292.0,36K)MIIX블루썸,담배,1.0,6.702961760461759
2026-01-01,8801116040360.0,08K)에쎄체인지슈팅레드1mg,담배,5.0,11.55972763347763
2026-01-01,8801116042418.0,13K)에쎄히말라야윈터1mg,담배,12.0,13.079543650793648
2026-01-01,8801116042890.0,37K)MIIX오라썸,담배,1.0,8.311736513486512
2026-01-01,8801116046522.0,18K)레종이오니아미스틱퍼플0.1mg,담배,15.0,10.999206876456874
2026-01-01,8801117108908.0,오리온)미쯔42g,과자,7.0,10.277298701298697
2026-01-01,8801117120306.0,오리온)통크초코1200,과자,2.0,6.199685286935287
2026-01-01,8801117138004.0,마켓오네이처)오그래놀라단백질바40g,캔디/초콜릿,2.0,4.787590631590631
2026-01-01,8801117141301.0,오리온)고래밥볶음양념맛46g,과자,10.0,6.879006581256582
2026-01-01,8801117158118.0,오리온)비쵸비125g(24),과자,2.0,3.7048223304473296
2026-01-01,8801117276201.0,오리온)촉촉한초코칩160g,과자,4.0,2.9064137806637795
2026-01-01,8801117277406.0,닥터유)초코다이제194g,과자,2.0,2.6332339544513452
2026-01-01,8801117282301.0,오리온)예감치즈그라탕64g(20),과자,2.0,4.6055357142857165
2026-01-01,8801117339708.0,오리온)마이구미포도66g,캔디/초콜릿,1.0,5.369034493284493
2026-01-01,8801117342104.0,오리온)마이구미백도황도66g,캔디/초콜릿,13.0,6.026122294372293
2026-01-01,8801117344108.0,오리온)아이셔캔디청사과맛42g,캔디/초콜릿,4.0,5.7726860084360085
2026-01-01,8801117352806.0,오리온)아이셔캔디소다맛42g,캔디/초콜릿,5.0,4.423017427017427
2026-01-01,8801117362300.0,오리온)아이셔츄레몬&라임48g,캔디/초콜릿,1.0,5.655469336219335
2026-01-01,8801117362706.0,오리온)닥터유Pro단백질초코250ml,유제품,1.0,8.356945165945165
2026-01-01,8801117363307.0,오리온)아이셔츄포도&샤인머스캣48g,캔디/초콜릿,1.0,8.882222005772004
2026-01-01,8801117366803.0,오리온)닥터유Pro단백질바나나250ml,유제품,1.0,7.180740043290045
2026-01-01,8801117369408.0,오리온)닥터유Pro단백질딸기250ml,유제품,2.0,8.205859668109664
2026-01-01,8801117370800.0,오리온)닥터유Pro단백질40g초코350ml,유제품,2.0,8.786292429792429
2026-01-01,8801117431907.0,닥터유)에너지바40g,캔디/초콜릿,79.0,10.704738095238092
2026-01-01,8801117446901.0,오리온)초코송이50g,과자,3.0,10.06246445221445
2026-01-01,8801117478100.0,닥터유)단백질바50g,캔디/초콜릿,2.0,8.190362054612054
2026-01-01,8801117488307.0,오리온)닥터유Pro단백질바70g,캔디/초콜릿,2.0,5.794584310134309
2026-01-01,8801117488901.0,오리온)톡핑헤이즐넛초콜릿43g,캔디/초콜릿,2.0,6.299788100788099
2026-01-01,8801117493103.0,오리온)닥터유Pro단백질바크런치70g,캔디/초콜릿,2.0,6.8964428626928616
2026-01-01,8801117536411.0,오리온)초코파이900,과자,14.0,14.46241647241647
2026-01-01,8801117549916.0,오리온)오뜨쇼콜라150g,과자,1.0,5.393100649350649
2026-01-01,8801117555818.0,오리온)리얼브라우니6입120gR,과자,6.0,3.9934810606060616
2026-01-01,8801117652104.0,오리온)와우아이셔청사과21g,캔디/초콜릿,5.0,6.02492619047619
2026-01-01,8801117674601.0,오리온)치킨팝닭강정맛65G(16),과자,3.0,6.959108312858315
2026-01-01,8801117689704.0,오리온)치즈뿌린치킨팝65g(16),과자,1.0,6.04889547014547
2026-01-01,8801117694906.0,오리온)꼬북칩초코츄러스맛80g(12),과자,4.0,4.900427308802308
2026-01-01,8801117760106.0,오리온)포카칩오리지널1700(20),과자,2.0,4.667364357864358
2026-01-01,8801117760304.0,오리온)포카칩어니언1700(20),과자,5.0,8.9754282984283
2026-01-01,8801117762308.0,오리온)오감자찍먹양념바베큐75g(12),과자,2.0,6.138410714285713
2026-01-01,8801117775001.0,오리온)스윙칩볶음고추장1700(12),과자,1.0,4.709680823680825
2026-01-01,8801117777609.0,오리온)눈을감자2000(12),과자,2.0,7.138295315795315
2026-01-01,8801117780203.0,오리온)무뚝뚝감자칩60g(12),과자,3.0,6.0303355855855845
2026-01-01,8801117783303.0,오리온)도도한나쵸사워크림어니언1500(12),과자,1.0,3.5279884421134415
2026-01-01,8801117798505.0,오리온)썬핫스파이시80g(12),과자,1.0,9.877444444444444
2026-01-01,8801121025666.0,매일)아몬드브리즈프로틴190ml,유제품,2.0,5.61026862026862
2026-01-01,8801121025710.0,매일)검은콩두유190ml,유제품,7.0,10.337524697524696
2026-01-01,8801121032435.0,매일)허쉬초코프로틴235ml,유제품,46.0,5.716325258075257
2026-01-01,8801121040416.0,매일)바리스타돌체라떼325ml,유제품,4.0,7.47461414141414
2026-01-01,8801121043561.0,매일)피크닉사과240ml,유제품,13.0,27.619313852813853
2026-01-01,8801121043578.0,매일)피크닉청포도240ml,유제품,8.0,8.460314935064936
2026-01-01,8801121048238.0,매일)피크닉천도복숭아240ml,유제품,8.0,9.555913419913422
2026-01-01,8801121190197.0,매일)허쉬초코드링크235ml,유제품,18.0,9.788674408924408
2026-01-01,8801121759943.0,매일)허쉬쿠키&크림235ml,유제품,3.0,5.0622991452991455
2026-01-01,8801121763933.0,매일)아몬드브리즈190ml,유제품,2.0,14.244060245310248
2026-01-01,8801121768068.0,매일)아몬드브리즈초콜릿190ml,유제품,6.0,9.414404761904763
2026-01-01,8801121768129.0,매일)소화가잘되는멸균우유190ml,유제품,13.0,9.73386652236652
2026-01-01,8801121768174.0,매일)바리스타콜드브루블랙325ml,유제품,1.0,9.709434487734484
2026-01-01,8801121768440.0,매일)99.9두유190ml,유제품,9.0,12.424215007215015
2026-01-01,8801121768464.0,매일)두유오리지널190ml,유제품,3.0,8.688285936285935
2026-01-01,8801121771396.0,매일)바리스타쇼콜라모카325ml,유제품,5.0,8.121814213564216
2026-01-01,8801121771402.0,매일)바리스타바닐라빈라떼325ml,유제품,3.0,5.525947696747697
2026-01-01,8801123307289.0,롯데)의성마늘프랑크70g,간편식품,7.0,7.3452090964590955
2026-01-01,8801123307630.0,롯데)에센뽀득프랑크70g,간편식품,20.0,14.74260930735931
2026-01-01,8801123410347.0,롯데)의성마늘직꾸닭100g,간편식품,13.0,15.931345959595955
2026-01-01,8801123410392.0,롯데)의성마늘직꾸닭매콤레드100g,간편식품,1.0,13.508087301587297
2026-01-01,8801128308076.0,hy)야쿠르트제로팩190ml,유제품,29.0,23.130210317460325
2026-01-01,8801128503174.0,팔도)도시락86g,가공식품,3.0,5.764968253968252
2026-01-01,8801128503211.0,팔도)왕뚜껑,가공식품,11.0,12.463174603174602
2026-01-01,8801128503235.0,팔도)김치왕뚜껑,가공식품,7.0,16.851493284493287
2026-01-01,8801128510004.0,팔도)꼬꼬면왕컵,가공식품,13.0,11.830496031746033
2026-01-01,8801128900201.0,팔도)비락식혜캔238ml,음료,4.0,6.6770980880230875
2026-01-01,8801155731625.0,동원)덴마크초코초코우유300ml,유제품,5.0,10.200833333333332
2026-01-01,8801155731632.0,동원)덴마크딸기딸기우유300ml,유제품,9.0,8.562417193917193
2026-01-01,8801155731830.0,동원)덴마크바나바나우유300ml,유제품,11.0,3.737154401154401
2026-01-01,8801155731847.0,동원)덴마크커피커피우유300ml,유제품,7.0,8.670591269841271
2026-01-01,8801155740054.0,덴마크)테이크얼라이브스위티자몽제로펫500ml,음료,5.0,9.341598370927313
2026-01-01,8801155740061.0,덴마크)테이크얼라이브망고제로펫500ml,음료,5.0,9.142785714285713
2026-01-01,8801155744502.0,덴마크)하이요구르트280ml,유제품,48.0,14.947941919191924
2026-01-01,8801155834616.0,동원)덴마크인포켓치즈오리지날20g,유제품,6.0,9.059226773226772
2026-01-01,8801204904246.0,청우)고구마형과자120g(20)new,과자,2.0,5.549130036630036
2026-01-01,8801223010478.0,일화)부르르제로콜라캔250ml,음료,5.0,7.301796398046398
2026-01-01,8801223010485.0,일화)부르르제로사이다캔250ml,음료,7.0,17.963238095238097
2026-01-01,8801382124528.0,웅진)아침햇살펫500ml,음료,1.0,4.920178318757267
2026-01-01,8801382124849.0,웅진)하늘보리펫500ml,음료,10.0,16.065566544566547
2026-01-01,8801382126560.0,웅진)초록매실펫500ml,음료,16.0,14.306214285714281
2026-01-01,8801382135036.0,웅진)오곡누룽지펫500ml,음료,20.0,31.44419444444445
2026-01-01,8801382145080.0,웅진)빅토리아레몬펫500ml,음료,8.0,7.4993083028083
2026-01-01,8801382145769.0,웅진)광명찾은결명자차펫500ml,음료,6.0,16.832515873015872
2026-01-01,8801382147060.0,웅진)빅토리아청포도펫500ml,음료,15.0,6.3691704961704945
2026-01-01,8801382147077.0,아임이)신선함을그대로알로에펫1.5L,음료,3.0,6.2576825396825395
2026-01-01,8801382148500.0,웅진)티즐제로피치우롱티펫500ml,음료,8.0,17.26478948828949
2026-01-01,8801382148524.0,웅진)티즐제로유자그린티펫500ml,음료,2.0,6.800217418546364
2026-01-01,8801382149477.0,아임이)신선함을그대로망고펫1.5L,음료,1.0,3.8864694805194806
2026-01-01,8801382149743.0,웅진)티즐제로자몽블랙티펫500ml,음료,5.0,8.322253132832078
2026-01-01,8801382150206.0,웅진)자연은더말린복숭아제로펫500ml,음료,6.0,13.545156371406375
2026-01-01,8801382150220.0,웅진)자연은더말린자몽제로펫500ml,음료,4.0,5.380367826617825
2026-01-01,8801382151449.0,웅진)유기농하늘보리펫500ml,음료,14.0,34.42915873015874
2026-01-01,8801392060632.0,CJ)맥스봉오리지널70g,간편식품,2.0,7.421429292929289
2026-01-01,8801392090516.0,CJ)맥스봉고소한치즈후랑크65g,간편식품,15.0,33.30543434343434
2026-01-01,8801392090530.0,CJ)맥스봉매콤불고기핫바65g,간편식품,28.0,37.354851620601636
2026-01-01,8801492384386.0,하림)돌아온매콤후랑크70g,간편식품,12.0,28.84389790764791
2026-01-01,8801492391995.0,하림)마늘후랑크70g,간편식품,15.0,25.93911796536796
2026-01-01,8801492392589.0,하림)직화갈비맛핫바65g,간편식품,25.0,44.193081779331784
2026-01-01,8801654091947.0,아임이)바삭e김도시락김5g,가공식품,2.0,9.692154928404927
2026-01-01,8801753110501.0,연세)블루베리요거트300ml,유제품,0.0,11.745026140526143
2026-01-01,8801753110976.0,연세)스트로베리요거트300ml,유제품,31.0,5.508140914640915
2026-01-01,8801753111201.0,연세)복숭아요거트300ml,유제품,13.0,5.995612337662338
2026-01-01,8802280004080.0,레트로)옥수수브이콘50g(40),과자,2.0,11.91807142857143
2026-01-01,8802876204658.0,동화)달콤한강냉이스낵65g(12),과자,1.0,5.289853174603177
2026-01-01,8803186000008.0,옐로우)올데이워터생수펫2L,음료,1.0,8.346499278499277
2026-01-01,8803186000022.0,옐로우)올데이워터생수펫500ml,음료,52.0,59.472119658119645
2026-01-01,8803186200125.0,청정)몽베스트펫500ml,음료,9.0,31.363932539682548
2026-01-01,8803186200163.0,청정)몽베스트펫330ml,음료,18.0,59.19242918192919
2026-01-01,8803465070173.0,흥생)구운란2입,간편식품,25.0,12.503653263403262
2026-01-01,8803465070234.0,흥생)반숙계란1입,간편식품,60.0,11.24717982017982
