date,plu_code,product_name,product_category,target_sales,prediction,abs_error
2025-09-01,8801056086657.0,롯데)2%아쿠아제로펫500ml,음료,54.0,129.55219696969698,75.55219696969698
2025-09-01,8808024030803.0,쟈뎅)제주청보리차펫500ml,음료,116.0,56.53192676767676,59.46807323232324
2025-09-01,8801033808913.0,정식품)베지밀고단백두유초코팩190ml,유제품,42.0,96.02941883116885,54.029418831168854
2025-09-01,8801056002725.0,롯데)2%복숭아제로펫500ml,음료,296.0,349.5743423520923,53.57434235209229
2025-09-01,8809962584601.0,대정)매콤제육햄말이주먹밥2편,밥류,149.0,202.10172619047626,53.101726190476256
2025-09-01,8801056228255.0,롯데)핫식스더킹제로캔355ml,음료,266.0,222.31600108225106,43.68399891774894
2025-09-01,8801094082604.0,코카)콜라제로펫500ml,음료,80.0,36.63432142857143,43.36567857142857
2025-09-01,4897036691120.0,코카)몬스터에너지울트라캔355ml,음료,205.0,162.89064285714284,42.109357142857164
2025-09-01,8808024031466.0,옐로우)단커피500ml,유제품,161.0,120.26553823953826,40.73446176046174
2025-09-01,1500000016982.0,즉석라면)종이용기(라면조리기전용),가공식품,141.0,110.52676587301589,30.47323412698411
2025-09-01,8801056716011.0,롯데)마운틴듀캔355ml,음료,1.0,31.185722971472977,30.185722971472977
2025-09-01,4897036693339.0,코카)몬스터에너지망고로코캔355ml,음료,128.0,98.1738124098124,29.8261875901876
2025-09-01,8801056193010.0,롯데)펩시콜라펫600ml,음료,51.0,79.60978385503384,28.60978385503384
2025-09-01,8801382149453.0,아임이)신선함을그대로망고펫500ml,음료,101.0,75.1571093073593,25.842890692640694
2025-09-01,8801382151449.0,웅진)유기농하늘보리펫500ml,음료,146.0,171.23176154401156,25.23176154401156
2025-09-01,8808024031459.0,옐로우)쓴커피500ml,유제품,199.0,175.85493975468978,23.14506024531022
2025-09-01,8809422044447.0,HK)티로그복숭아아이스티제로펫500ml,음료,53.0,76.10050541125541,23.100505411255412
2025-09-01,8801382147145.0,아임이)신선함을그대로감귤펫500ml,음료,70.0,46.934107142857144,23.065892857142856
2025-09-01,8809650798105.0,대정)더블스팸김치볶음&햄참치마요삼각2편,밥류,46.0,23.728566658437348,22.271433341562652
2025-09-01,8801062885428.0,롯데)짱셔요콜라50g,캔디/초콜릿,40.0,17.736576826777387,22.263423173222613
2025-09-01,8801043067317.0,츄파춥스)사워바이츠60g,캔디/초콜릿,1.0,23.1405119047619,22.1405119047619
2025-09-01,8801047289852.0,동원)보성말차펫500ml,음료,244.0,221.87961507936504,22.12038492063496
2025-09-01,8801056171032.0,롯데)핫식스더킹포스캔355ml,음료,321.0,299.00620310245307,21.99379689754693
2025-09-01,8801155743789.0,덴마크)소화가잘되는우유초코190ml,유제품,6.0,27.253915584415587,21.253915584415587
2025-09-01,8801116012176.0,K)릴하이브리드(액상카트리지),담배,160.0,180.42225541125543,20.422255411255435
2025-09-01,8801128510004.0,팔도)꼬꼬면왕컵,가공식품,75.0,54.74783333333332,20.25216666666668
2025-09-01,8803186000022.0,옐로우)올데이워터생수펫500ml,음료,338.0,357.9994098124098,19.999409812409795
2025-09-01,8801492384386.0,하림)돌아온매콤후랑크70g,간편식품,84.0,103.5118906926407,19.511890692640705
2025-09-01,8801001238179.0,하이트)블랙보리라이트펫520ml,음료,16.0,32.947960317460314,16.947960317460314
2025-09-01,8801066019447.0,사조)숯불구이맛후랑크70g,간편식품,161.0,144.48079689754698,16.51920310245302
2025-09-01,8809962580658.0,대정)더빅뉴전주비빔삼각김밥2편,밥류,74.0,57.573146825396805,16.426853174603195
2025-09-01,8801062878529.0,롯데)더블크런치바쿠앤크33g,캔디/초콜릿,43.0,26.642700197950195,16.357299802049805
2025-09-01,8801056150013.0,롯데)펩시콜라캔355ml,음료,60.0,43.65183751044278,16.348162489557218
2025-09-01,8809962583772.0,대정)참치마요햄말이주먹밥2편,밥류,225.0,209.2991926406926,15.70080735930739
2025-09-01,8809962583505.0,대정)더빅참치김치삼각2편,밥류,17.0,32.53737765012765,15.537377650127652
2025-09-01,8801073211469.0,삼양)까르보불닭볶음면큰컵,가공식품,87.0,71.86573629148627,15.134263708513728
2025-09-01,8801073211520.0,삼양)까르보불닭볶음면소컵,가공식품,34.0,19.71128810484736,14.288711895152641
2025-09-01,8801382124849.0,웅진)하늘보리펫500ml,음료,24.0,38.081973692973705,14.081973692973705
2025-09-01,8801047284482.0,동원)보성홍차복숭아제로아이스티펫500ml,음료,159.0,172.96915259740257,13.96915259740257
2025-09-01,8801043015943.0,농심)사리곰탕큰사발,가공식품,76.0,62.08656096681096,13.913439033189043
2025-09-01,8801007348308.0,CJ)맥스봉청양고추후랑크80g,간편식품,13.0,26.863552003551998,13.863552003551998
2025-09-01,8801062885404.0,롯데)짱셔요후르츠51g,캔디/초콜릿,28.0,14.60286372138533,13.39713627861467
2025-09-01,8809650794787.0,대정)스팸김치볶음삼각김밥2편,밥류,118.0,104.62622510822513,13.373774891774872
2025-09-01,8801047291282.0,동원)양반매실차펫500ml,음료,125.0,138.2216634199134,13.221663419913398
2025-09-01,8801043062480.0,농심)카구리큰사발,가공식품,44.0,31.014491688866677,12.985508311133323
2025-09-01,8801045570716.0,오뚜기)열라면큰컵,가공식품,40.0,52.85180194805195,12.85180194805195
2025-09-01,8801094412371.0,코카)토레타제로펫500ml,음료,11.0,23.787788923719955,12.787788923719955
2025-09-01,8801068922738.0,삼립)그릴후랑크70g,간편식품,74.0,61.21278196248197,12.78721803751803
2025-09-01,8809962584830.0,대정)참치마요김치볶음밥계란말이2편,밥류,217.0,204.3114285714286,12.688571428571407
2025-09-01,8801056104078.0,옐로우)올데이워터생수펫1L,음료,81.0,93.56317857142857,12.563178571428566
2025-09-01,8809650797818.0,대정)더빅통햄참치마요삼각2편,밥류,19.0,31.457601037851042,12.457601037851042
2025-09-01,8809486991770.0,효성)무직타이거찹쌀손약과50g,과자,1.0,13.345939033189032,12.345939033189032
2025-09-01,8801056094591.0,롯데)칸타타콘트라베이스펫500ml,음료,26.0,38.32548001998003,12.325480019980027
2025-09-01,8801121043561.0,매일)피크닉사과240ml,유제품,146.0,134.4140256132756,11.585974386724388
2025-09-01,8801045574585.0,오뚜기)진짬뽕용기큰컵,가공식품,56.0,44.49819047619049,11.501809523809513
2025-09-01,8801123307630.0,롯데)에센뽀득프랑크70g,간편식품,12.0,23.459566572316568,11.459566572316568
2025-09-01,8801043015639.0,농심)김치사발면,가공식품,115.0,103.80073015873019,11.19926984126981
2025-09-01,8801056234423.0,롯데)핫식스더킹크러쉬피치캔355ml,음료,68.0,57.10358008658008,10.89641991341992
2025-09-01,4897036694565.0,코카)몬스터에너지피치킨캔355ml,음료,38.0,27.143531746031744,10.856468253968256
2025-09-01,8809962581884.0,대정)베이컨치즈샌드위치2편,조리빵,53.0,42.1451355866356,10.854864413364403
2025-09-01,8801068913699.0,삼립)버터갈릭스크램블샌드위치2편,조리빵,52.0,41.271012265512255,10.728987734487745
2025-09-01,8804973131578.0,마즈)스니커즈픽앤믹스20g,캔디/초콜릿,33.0,22.280103898974588,10.719896101025412
2025-09-01,8801392090530.0,CJ)맥스봉매콤불고기핫바65g,간편식품,94.0,83.3150314130314,10.684968586968594
2025-09-01,8801123410347.0,롯데)의성마늘직꾸닭100g,간편식품,43.0,53.63268167388169,10.632681673881692
2025-09-01,8801073210363.0,삼양)불닭볶음면큰컵,가공식품,70.0,59.507565934065916,10.492434065934084
2025-09-01,6907938051064.0,에이스)쿠키속초코짱19g,과자,52.0,41.676522005772014,10.323477994227986
2025-09-01,8809296884552.0,아임이)얼큰e라면컵,가공식품,108.0,97.80271031746034,10.197289682539662
2025-09-01,8801392090516.0,CJ)맥스봉고소한치즈후랑크65g,간편식품,119.0,108.83117063492062,10.168829365079375
2025-09-01,8801121768068.0,매일)아몬드브리즈초콜릿190ml,유제품,50.0,39.933919913419906,10.066080086580094
2025-09-01,8801121768440.0,매일)99.9두유190ml,유제품,23.0,33.01181693138901,10.011816931389014
2025-09-01,6971834070290.0,아임이)고소바삭쌀과자100g(S)(24),과자,9.0,18.87725613275613,9.87725613275613
2025-09-01,8801121768129.0,매일)소화가잘되는멸균우유190ml,유제품,63.0,53.16065283283966,9.83934716716034
2025-09-01,8806011615408.0,동아)박카스에프병120ml,음료,43.0,33.189473267154305,9.810526732845695
2025-09-01,8801116015887.0,03K)에쎄체인지프로즌,담배,26.0,35.72466236541237,9.724662365412371
2025-09-01,8801043015981.0,농심)신라면큰사발,가공식품,44.0,53.69073075900705,9.690730759007053
2025-09-01,8809650794725.0,대정)통스팸계란삼각김밥2편,밥류,70.0,79.58233333333334,9.582333333333338
2025-09-01,8801045702643.0,오뚜기)육개장소컵,가공식품,48.0,57.42109343434342,9.421093434343419
2025-09-01,8809650793605.0,대정)숯불맛소불고기김밥2편,밥류,31.0,40.29244047619047,9.292440476190471
2025-09-01,8801056177645.0,롯데)칠성사이다제로캔355ml,음료,5.0,14.289725829725821,9.289725829725821
2025-09-01,8801121025710.0,매일)검은콩두유190ml,유제품,38.0,28.779926767676766,9.220073232323234
2025-09-01,8801094013004.0,코카)콜라캔250ml,음료,18.0,27.215102092352087,9.215102092352087
2025-09-01,8801382135036.0,웅진)오곡누룽지펫500ml,음료,170.0,179.14484487734492,9.144844877344923
2025-09-01,8801111905299.0,크라운)키커바1000,캔디/초콜릿,40.0,49.08785339105339,9.087853391053393
2025-09-01,8801043017022.0,농심)신라면툼바큰사발,가공식품,61.0,69.9045919080919,8.904591908091902
2025-09-01,8801037090178.0,동서)오레오웨하스스틱(낱개),캔디/초콜릿,43.0,34.10362518037519,8.89637481962481
2025-09-01,8803186200125.0,청정)몽베스트펫500ml,음료,250.0,241.10855663780666,8.891443362193343
2025-09-01,8809962581594.0,대정)아삭햄야채샐러드샌드위치2편,조리빵,55.0,46.1670727050727,8.832927294927302
2025-09-01,8801121032435.0,매일)허쉬초코프로틴235ml,유제품,30.0,21.426470647709774,8.573529352290226
2025-09-01,8801043014984.0,농심)얼큰한너구리봉지,가공식품,32.0,23.461891747141753,8.538108252858247
2025-09-01,8801037096378.0,동서)스타벅스셀렉트카페라떼펫300ml,음료,24.0,15.476939725585625,8.523060274414375
2025-09-01,50166909.0,마즈)트윅스픽앤믹스10g,캔디/초콜릿,43.0,51.49501370851371,8.49501370851371
2025-09-01,8801043022781.0,농심)백산수펫500ml,음료,55.0,63.415365079365074,8.415365079365074
2025-09-01,8801056096052.0,롯데)칸타타콘트라베이스저칼로리라떼펫500ml,음료,25.0,16.595372497370796,8.404627502629204
2025-09-01,4897036691007.0,코카)몬스터에너지캔355ml,음료,34.0,25.69825288600289,8.30174711399711
2025-09-01,8809136851096.0,제니코)뿌려뿌려모짜렐라40g,유제품,34.0,25.754879148629147,8.245120851370853
2025-09-01,8809962580795.0,대정)뉴참치마요삼각김밥2편,밥류,92.0,100.24435317460319,8.24435317460319
2025-09-01,8801043015967.0,농심)새우탕큰사발,가공식품,70.0,78.11414743589744,8.114147435897436
2025-09-01,8806002022185.0,광동)비타500제로병100ml,음료,40.0,31.893248880429923,8.106751119570077
2025-09-01,8801094962104.0,코카)스프라이트제로펫500ml,음료,2.0,10.056876950534848,8.056876950534848
2025-09-01,8809962584175.0,대정)상상_1900김밥2편,밥류,85.0,77.00833608058609,7.991663919413909
2025-09-01,8801111611312.0,크라운)콘칲70g(16),과자,18.0,10.083837929312143,7.916162070687857
2025-09-01,8801105914610.0,코카)영진구론산스파클링병150ml,음료,22.0,29.82757575757577,7.827575757575769
2025-09-01,8801104220125.0,빙그레)초코타임200ml,유제품,170.0,177.8110216450217,7.811021645021697
2025-09-01,8801056175955.0,롯데)펩시콜라제로펫500ml,음료,195.0,187.24843903318902,7.751560966810985
2025-09-01,5410126132472.0,로투스)벨지안와플초콜렛57.5g,빵/디저트,48.0,55.724965007215,7.724965007214998
2025-09-01,8801094000288.0,코카)파워에이드제로라임펫600ml,음료,85.0,77.34385642135643,7.656143578643565
2025-09-01,8801019602498.0,해태)구운감자1000(30),과자,27.0,19.398826752749176,7.6011732472508236
2025-09-01,8801105915709.0,코카)갈아만든배펫500ml,음료,24.0,16.450501824865956,7.549498175134044
2025-09-01,8801056240998.0,롯데)핫식스더킹퍼플그레이프캔355ml,음료,111.0,118.46848665223662,7.468486652236621
2025-09-01,8801121190197.0,매일)허쉬초코드링크235ml,유제품,40.0,32.550757575757586,7.449242424242414
2025-09-01,8801056248758.0,롯데)펩시콜라제로모히토펫500ml,음료,8.0,15.422781212748605,7.422781212748605
2025-09-01,8801043015608.0,농심)짜파게티범벅소컵,가공식품,42.0,34.6731408868909,7.326859113109101
2025-09-01,8801116005574.0,02K)에쎄체인지4mg,담배,2.0,9.220546675546675,7.220546675546675
2025-09-01,8801117536411.0,오리온)초코파이900,과자,3.0,10.181173687423689,7.181173687423689
2025-09-01,8801045570082.0,오뚜기)진라면매운맛소컵,가공식품,40.0,32.82780519480519,7.172194805194813
2025-09-01,8808024032715.0,옐로우)짠커피500ml,유제품,57.0,49.83828840048843,7.16171159951157
2025-09-01,8800244140133.0,아임이)아메리카노헤이즐넛향340ml,음료,2.0,9.14262368187368,7.14262368187368
2025-09-01,8801043048774.0,농심)쫄병스낵짜파게티맛77g(30),과자,4.0,11.07751098901099,7.077510989010991
2025-09-01,8801007054186.0,CJ)큰햇반300g(30),가공식품,2.0,9.02375021034775,7.02375021034775
2025-09-01,8801382150206.0,웅진)자연은더말린복숭아제로펫500ml,음료,30.0,37.02131859251859,7.02131859251859
2025-09-01,8801116042418.0,13K)에쎄히말라야윈터1mg,담배,60.0,67.02068001443001,7.020680014430013
2025-09-01,8809650797917.0,대정)전주비빔참치마요삼각2편,밥류,87.0,94.02045873570873,7.020458735708729
2025-09-01,8801117478100.0,닥터유)단백질바50g,캔디/초콜릿,7.0,14.006150016650013,7.006150016650013
2025-09-01,8801037087550.0,동서)티오피아메리카노캔275ml,음료,13.0,6.01637044045319,6.98362955954681
2025-09-01,8801382148500.0,웅진)티즐제로피치우롱티펫500ml,음료,62.0,55.03981349206349,6.960186507936513
2025-09-01,8801898162823.0,행복)훈제란2입,간편식품,35.0,41.954753607503605,6.954753607503605
2025-09-01,8801056245085.0,롯데)펩시콜라제로카페인펫500ml,음료,12.0,18.94268253968254,6.94268253968254
2025-09-01,8801043015776.0,농심)새우탕소컵,가공식품,17.0,23.922529942279944,6.922529942279944
2025-09-01,8809288633281.0,BR)엄마는외계인초코볼32g,캔디/초콜릿,59.0,52.094496997446996,6.905503002553004
2025-09-01,8801056624019.0,롯데)콜드포도펫250ml,유제품,12.0,5.220448614626306,6.779551385373694
2025-09-01,8801073210233.0,삼양)간짬뽕큰컵,가공식품,29.0,22.251462828837834,6.748537171162166
2025-09-01,8801043015929.0,농심)김치큰사발,가공식품,17.0,23.736847763347765,6.736847763347765
2025-09-01,8803651000045.0,라이터)일회용,생활잡화,52.0,58.70920851370852,6.709208513708518
2025-09-01,8801045512518.0,오뚜기)컵누들마라탕소컵,가공식품,17.0,23.705435869685875,6.705435869685875
2025-09-01,8803465070234.0,흥생)반숙계란1입,간편식품,29.0,22.38724458874459,6.61275541125541
2025-09-01,8809422044430.0,HK)티로그청귤아이스티제로펫500ml,음료,16.0,22.56829885822989,6.568298858229891
2025-09-01,8801007899985.0,CJ)닭가슴살소시지핫바80g,간편식품,144.0,137.48073881673884,6.519261183261165
2025-09-01,8809422045932.0,HK)티로그자두아이스티제로펫500ml,음료,32.0,38.34973504273505,6.349735042735048
2025-09-01,8801117362409.0,오리온)자두알맹이젤리67g,캔디/초콜릿,12.0,5.6592726314390385,6.3407273685609615
2025-09-01,8803186200163.0,청정)몽베스트펫330ml,음료,180.0,186.31044805194801,6.310448051948015
2025-09-01,8809650799188.0,대정)뉴전주비빔삼각김밥2편,밥류,83.0,89.20753929403931,6.207539294039307
2025-09-01,8801094212728.0,코카)파워에이드제로펫600ml,음료,5.0,11.137943722943724,6.137943722943724
2025-09-01,6914973603189.0,마즈)엠앤엠즈밀크싱글37g,캔디/초콜릿,16.0,9.886754856447554,6.1132451435524455
2025-09-01,8801073212619.0,삼양)로제불닭볶음면큰컵,가공식품,1.0,7.112035896489214,6.112035896489214
2025-09-01,8691216095557.0,하리보)워미스사우어80g,캔디/초콜릿,9.0,15.071214840714847,6.0712148407148465
2025-09-01,8809720820620.0,에이스)초코퐁당도넛60g,빵/디저트,17.0,10.956551587301588,6.043448412698412
2025-09-01,8805684010879.0,MDS)스틱콘버터60g,간편식품,37.0,31.042059884559887,5.957940115440113
2025-09-01,8801007002989.0,CJ)햇반작은공기130g,가공식품,13.0,18.908227133977135,5.908227133977135
2025-09-01,8809962584588.0,대정)상상_900삼각2편(햄베이컨참치),밥류,67.0,72.89251251526254,5.892512515262538
2025-09-01,8801094083007.0,코카)콜라제로캔250ml,음료,14.0,19.879961399711405,5.879961399711405
2025-09-01,8801043014809.0,농심)신라면봉지,가공식품,32.0,26.13555967980969,5.864440320190312
2025-09-01,8801056043551.0,롯데)밀키스캔340ml,음료,7.0,12.839045066045067,5.839045066045067
2025-09-01,8801062475711.0,롯데)땅콩미니샌드100g,빵/디저트,26.0,20.20436163836164,5.79563836163836
2025-09-01,8806002006437.0,광동)옥수수수염차펫500ml,음료,35.0,40.782332223332226,5.782332223332226
2025-09-01,8801045555041.0,오뚜기)열튀김우동큰컵,가공식품,33.0,38.775563214563206,5.775563214563206
2025-09-01,8801045572802.0,오뚜기)치즈볶이큰컵,가공식품,22.0,27.73838078588078,5.7383807858807785
2025-09-01,8801117339708.0,오리온)마이구미포도66g,캔디/초콜릿,27.0,21.270002451252445,5.729997548747555
2025-09-01,8801898162878.0,행복)반숙란2입,간편식품,10.0,15.697120670995671,5.697120670995671
2025-09-01,8801056044534.0,롯데)립톤아이스티제로복숭아펫500ml,음료,15.0,20.61659199134199,5.616591991341991
2025-09-01,8801043015653.0,농심)육개장사발면,가공식품,288.0,293.585468975469,5.585468975468984
2025-09-01,8801117362300.0,오리온)아이셔츄레몬&라임48g,캔디/초콜릿,15.0,9.481776640109148,5.518223359890852
2025-09-01,8801068402285.0,포켓몬)로켓단초코롤85g,빵/디저트,40.0,34.4897244653755,5.510275534624498
2025-09-01,8801155731830.0,동원)덴마크바나바나우유300ml,유제품,34.0,39.510212413317674,5.510212413317674
2025-09-01,8801382148739.0,아임이)소프트워터복숭아펫500ml(new),음료,8.0,13.48142609272448,5.48142609272448
2025-09-01,8809650799201.0,대정)참치김치삼각김밥2편,밥류,90.0,95.46078102453106,5.460781024531059
2025-09-01,8801068086225.0,삼립)치즈후레쉬팡140g,빵/디저트,32.0,26.561760389727787,5.438239610272213
2025-09-01,8801116016419.0,34K)MIIX콤보,담배,16.0,21.378626374705664,5.378626374705664
2025-09-01,8809909950759.0,탭스)계란말이김밥2편,밥류,76.0,70.68738564213564,5.312614357864362
2025-09-01,8801045571386.0,오뚜기)라면볶이큰컵,가공식품,38.0,32.69027092352093,5.309729076479073
2025-09-01,8801097168404.0,동아)데미소다복숭아캔250ml,음료,13.0,7.7370111929417975,5.2629888070582025
2025-09-01,8801104220200.0,빙그레)딸기타임200ml,유제품,116.0,110.78342604617606,5.216573953823939
2025-09-01,8801094362706.0,코카)파워에이드마운틴펫600ml,음료,11.0,16.185631337335625,5.185631337335625
2025-09-01,8801068912463.0,삼립)발효빅스위트데니쉬100g,빵/디저트,19.0,13.87533289258634,5.124667107413661
2025-09-01,8809650799096.0,대정)햄참치마요삼각김밥2편,밥류,103.0,97.92158369408371,5.078416305916292
2025-09-01,8801116042890.0,37K)MIIX오라썸,담배,29.0,23.937813186813184,5.062186813186816
2025-09-01,8801121043578.0,매일)피크닉청포도240ml,유제품,43.0,37.95683032201716,5.0431696779828386
2025-09-01,8410707007486.0,후버)파인애플&사과&포도주스200ml(S),유제품,2.0,7.041600566100567,5.041600566100567
2025-09-01,6971834070283.0,아임이)달콤바삭쌀과자100g(S)(20),과자,4.0,9.030540043290044,5.030540043290044
2025-09-01,8809962583314.0,대정)소고기고추장삼각김밥2편,밥류,110.0,104.99705122655125,5.00294877344875
2025-09-01,8801117446901.0,오리온)초코송이50g,과자,29.0,24.022264306218595,4.977735693781405
2025-09-01,8801056175900.0,롯데)펩시콜라제로캔355ml,음료,178.0,182.9680021645021,4.96800216450211
2025-09-01,8801123307289.0,롯데)의성마늘프랑크70g,간편식품,29.0,33.96305466755466,4.963054667554658
2025-09-01,8801382148777.0,아임이)에너지워터블루레몬펫500ml(new),음료,12.0,16.962748165271424,4.9627481652714245
2025-09-01,8801155744502.0,덴마크)하이요구르트280ml,유제품,97.0,101.95107287157295,4.951072871572947
2025-09-01,88020785.0,J)메비우스LSS윈드블루3mg(New),담배,27.0,31.891619963369962,4.891619963369962
2025-09-01,8801094363000.0,코카)파워에이드마운틴캔240ml,음료,9.0,13.862993087357955,4.862993087357955
2025-09-01,5410126132038.0,로투스)벨지안와플50g,빵/디저트,21.0,25.85670923520924,4.856709235209241
2025-09-01,8801155731625.0,동원)덴마크초코초코우유300ml,유제품,44.0,48.84969904072537,4.849699040725369
2025-09-01,8809041427065.0,OKF)알로에베라킹펫500ml,음료,70.0,74.83731013431012,4.8373101343101155
2025-09-01,8809650799584.0,대정)불고기전주비빔김밥2편,밥류,66.0,70.83665137640136,4.836651376401363
2025-09-01,8801043031431.0,농심)쫄병스낵매콤한맛(30),과자,35.0,30.16645562770563,4.833544372294369
2025-09-01,8809650797894.0,대정)통스팸참치마요삼각2편,밥류,96.0,100.82164430014431,4.821644300144314
2025-09-01,8801043016049.0,농심)짜파게티큰사발,가공식품,61.0,56.196359098503834,4.803640901496166
2025-09-01,8801116025695.0,43K)에임트와이스(에이블),담배,10.0,5.198464651013821,4.801535348986179
2025-09-01,8801117359607.0,오리온)포도알맹이젤리67g,캔디/초콜릿,23.0,18.20996087848414,4.790039121515861
2025-09-01,8801128503211.0,팔도)왕뚜껑,가공식품,68.0,63.24676290376289,4.7532370962371076
2025-09-01,8801043015837.0,농심)너구리소컵,가공식품,32.0,27.262338553603264,4.737661446396736
2025-09-01,8809296883531.0,팔도)김치도시락,가공식품,11.0,15.733244968293354,4.733244968293354
2025-09-01,8801007310572.0,CJ)햇반210g(48),가공식품,35.0,39.72301010101011,4.723010101010111
2025-09-01,8801117365103.0,오리온)리찌알맹이젤리67g,캔디/초콜릿,15.0,10.304205699169236,4.695794300830764
2025-09-01,8801116046522.0,18K)레종이오니아미스틱퍼플0.1mg,담배,45.0,40.35192616155774,4.648073838442258
2025-09-01,1001258817890.0,농심)츄파춥스11g,캔디/초콜릿,31.0,35.600127344877365,4.6001273448773645
2025-09-01,8801056098834.0,롯데)핫식스더킹파워캔355ml,음료,38.0,42.59823687423688,4.598236874236882
2025-09-01,8801043016117.0,농심)오징어짬뽕큰사발,가공식품,15.0,19.59008565383566,4.590085653835661
2025-09-01,8801043041447.0,농심)신라면블랙사발면,가공식품,39.0,43.55992042606516,4.559920426065162
2025-09-01,8809626920295.0,링티)제로복숭아펫500ml,음료,7.0,11.501727272727276,4.501727272727276
2025-09-01,8801121771402.0,매일)바리스타바닐라빈라떼325ml,유제품,10.0,14.403957597957593,4.403957597957593
2025-09-01,8801097150010.0,동아)포카리스웨트캔240ml,음료,25.0,20.597414526368816,4.402585473631184
2025-09-01,88023403.0,P)말보로비스타트로피컬스플래시,담배,18.0,22.398142819823857,4.398142819823857
2025-09-01,8800244140218.0,아임이)사과에이드340ml,음료,2.0,6.381104950604952,4.381104950604952
2025-09-01,8809650799836.0,대정)더빅숯불갈비맛삼각2편,밥류,45.0,40.679794372294374,4.320205627705626
2025-09-01,8801045570419.0,오뚜기)참깨라면큰컵,가공식품,102.0,106.31339682539684,4.313396825396836
2025-09-01,8801111953924.0,크라운)마이쮸핑크리치44g,캔디/초콜릿,11.0,6.76339397317333,4.23660602682667
2025-09-01,8809650799447.0,대정)뉴참치김치김밥2편,밥류,83.0,78.77447893772894,4.225521062271056
2025-09-01,8801097250079.0,동아)포카리스웨트펫620ml,음료,46.0,41.782247863247875,4.217752136752125
2025-09-01,8801056018979.0,롯데)레쓰비마일드캔200ml,음료,25.0,20.788448579198576,4.211551420801424
2025-09-01,88014494.0,P)말보로블랙후레쉬,담배,10.0,5.789240785454939,4.210759214545061
2025-09-01,9556001198839.0,네슬레)킷캣청키40g,캔디/초콜릿,3.0,7.202794079619615,4.202794079619615
2025-09-01,8801155743772.0,덴마크)소화가잘되는우유딸기190ml,유제품,5.0,9.198097103386806,4.1980971033868055
2025-09-01,8801043022262.0,농심)짜파게티더블랙큰사발,가공식품,4.0,8.194636433531,4.1946364335310005
2025-09-01,8801019204951.0,해태)자유시간36g,캔디/초콜릿,28.0,23.81416594516596,4.185834054834039
2025-09-01,8801104666428.0,빙그레)통모짜스트링치즈18g,유제품,19.0,14.877139738513154,4.122860261486846
2025-09-01,8801037087543.0,동서)티오피마스터라떼캔275ml,음료,14.0,9.895592076669026,4.1044079233309745
2025-09-01,8809565381812.0,그린)불고기버거2편(중단),조리빵,9.0,13.094904149691667,4.094904149691667
2025-09-01,93682091.0,마즈)스니커즈땅콩싱글,캔디/초콜릿,9.0,13.044364467151986,4.044364467151986
2025-09-01,88011745.0,P)말보로골드오리지널,담배,24.0,20.003050851925856,3.996949148074144
2025-09-01,8801056241506.0,롯데)펩시제로카페인캔355ml,음료,6.0,9.94790758873524,3.947907588735241
2025-09-01,8801045576497.0,오뚜기)크림진짬뽕큰컵,가공식품,46.0,42.07241913641914,3.9275808635808573
2025-09-01,9557062361330.0,아임이)감자칩오리지널110g(S),과자,6.0,9.914686603116238,3.9146866031162375
2025-09-01,8809388463917.0,이디야)카페라떼300ml,유제품,5.0,8.855942893217895,3.855942893217895
2025-09-01,8809422041125.0,HK)새싹보리펫500ml,음료,12.0,8.147168192837373,3.8528318071626266
2025-09-01,8801068922905.0,삼립)불고기후랑크70g,간편식품,11.0,14.814157092907084,3.8141570929070845
2025-09-01,8801068928761.0,삼립)베이컨체다치즈부리또125g,간편식품,17.0,13.237863801811217,3.7621361981887826
2025-09-01,8801094017200.0,코카)콜라캔350ml,음료,19.0,15.240948218827791,3.759051781172209
2025-09-01,8801047284642.0,동원)비타C자몽에이드제로펫500ml,음료,49.0,45.241002025752024,3.7589979742479755
2025-09-01,80050094.0,매일)킨더초콜렛맥시T1,캔디/초콜릿,3.0,6.714792565225389,3.7147925652253893
2025-09-01,8801037095845.0,동서)콘푸라이트밀크바35g,캔디/초콜릿,22.0,25.689285847003248,3.689285847003248
2025-09-01,8801007732466.0,CJ)햇반버터장조림비빔밥,가공식품,1.0,4.663341985311804,3.6633419853118037
2025-09-01,8809695252761.0,팔도)김치꼬꼬면왕컵(큰컵),가공식품,10.0,13.661505511155507,3.6615055111555073
2025-09-01,8801043015714.0,농심)신라면소컵,가공식품,50.0,46.34821503496505,3.651784965034949
2025-09-01,8801104221467.0,빙그레)딸기맛우유240ml,유제품,14.0,17.646969964007923,3.6469699640079227
2025-09-01,8801128503235.0,팔도)김치왕뚜껑,가공식품,57.0,60.64491666666667,3.644916666666667
2025-09-01,8801068912913.0,삼립)NEW정통보름달88g,빵/디저트,2.0,5.63732253368802,3.63732253368802
2025-09-01,8801007171210.0,HK)헛개수펫500ml,음료,1.0,4.609070750335595,3.6090707503355954
2025-09-01,8801056623012.0,롯데)콜드오렌지펫250ml,유제품,9.0,5.393507819519232,3.6064921804807684
2025-09-01,8809650799164.0,대정)뉴숯불갈비맛삼각김밥2편,밥류,99.0,95.52440512265515,3.4755948773448466
2025-09-01,9555319109186.0,이멕스)포테이토크리스프바비큐75g,과자,3.0,6.465966199885264,3.4659661998852638
2025-09-01,8801105914382.0,코카)영진구론산병150ml,음료,7.0,10.454723484848486,3.4547234848484862
2025-09-01,8801045571416.0,오뚜기)스파게티큰컵,가공식품,51.0,47.547079365079355,3.4529206349206447
2025-09-01,8801117798505.0,오리온)썬핫스파이시80g(12),과자,7.0,3.557652554508681,3.442347445491319
2025-09-01,8994834002595.0,게메즈에낙)라면스낵치킨맛30G,과자,25.0,21.558973065371323,3.4410269346286775
2025-09-01,8801094512668.0,코카)조지아카페라떼펫470ml,음료,3.0,6.4010526376084105,3.4010526376084105
2025-09-01,8801056018948.0,롯데)칸타타프리미엄라떼캔275ml,음료,11.0,7.605659778791379,3.394340221208621
2025-09-01,8808024026981.0,쟈뎅)시그니처빅아메리카노블랙320ml,음료,3.0,6.384149106669213,3.384149106669213
2025-09-01,9556291801433.0,타타와)초콜릿쿠키60g,과자,5.0,8.371788095295987,3.3717880952959867
2025-09-01,88023441.0,P)말보로비스타슈퍼슬림포레스트,담배,2.0,5.370309069372902,3.370309069372902
2025-09-01,8801223010478.0,일화)부르르제로콜라캔250ml,음료,29.0,25.63334195402299,3.3666580459770117
2025-09-01,8801155742393.0,덴마크)소화가잘되는우유190ml,유제품,6.0,9.33216896467381,3.3321689646738104
2025-09-01,5012035901738.0,하리보)스타믹스100g,캔디/초콜릿,8.0,11.323178147939016,3.323178147939016
2025-09-01,8801117370800.0,오리온)닥터유Pro단백질40g초코350ml,유제품,12.0,15.305566905316905,3.305566905316905
2025-09-01,3424005.0,롯데)허쉬크리미밀크40g,캔디/초콜릿,6.0,9.300907647907648,3.300907647907648
2025-09-01,8801062636884.0,롯데)가나초콜렛34g,캔디/초콜릿,13.0,9.7183127690811,3.2816872309189
2025-09-01,8801117431907.0,닥터유)에너지바40g,캔디/초콜릿,33.0,29.722708513708522,3.277291486291478
2025-09-01,8801043056137.0,농심)앵그리짜파구리큰컵,가공식품,50.0,46.727088345864665,3.272911654135335
2025-09-01,8801121763933.0,매일)아몬드브리즈190ml,유제품,27.0,30.23655179615706,3.236551796157059
2025-09-01,8801117344108.0,오리온)아이셔캔디청사과맛42g,캔디/초콜릿,11.0,14.217259428373552,3.217259428373552
2025-09-01,9556001227539.0,네슬레)킷캣녹차4핑거35g,캔디/초콜릿,5.0,8.196551834360866,3.196551834360866
2025-09-01,4897036693797.0,코카)몬스터에너지선라이즈캔355ml,음료,21.0,17.80934445385532,3.1906555461446793
2025-09-01,8410707007493.0,후버)오렌지주스200ml(S),유제품,8.0,11.188331743296322,3.188331743296322
2025-09-01,8809962585110.0,대정)여경래_더빅XO게맛살볶음밥삼각2편,밥류,17.0,13.835250571662595,3.164749428337405
2025-09-01,7622201750824.0,호올스)라임27.9g,캔디/초콜릿,9.0,5.849486800019269,3.1505131999807308
2025-09-01,8809650797641.0,대정)더빅베이컨참치마요삼각2편,밥류,29.0,32.11751656676657,3.117516566766568
2025-09-01,8801117760304.0,오리온)포카칩어니언1700(20),과자,15.0,11.88539100241565,3.11460899758435
2025-09-01,8803465070173.0,흥생)구운란2입,간편식품,48.0,51.100281746031754,3.1002817460317544
2025-09-01,8801045572833.0,오뚜기)참깨라면소컵,가공식품,26.0,29.09050360750361,3.09050360750361
2025-09-01,8801097135215.0,동아)나랑드사이다제로캔245ml,음료,27.0,23.91613648388648,3.083863516113521
2025-09-01,8801056233204.0,롯데)밀키스제로캔250ml,음료,10.0,13.074689754689752,3.074689754689752
2025-09-01,8809019594188.0,롯데)스위트패스츄리105g,빵/디저트,1.0,4.074551255401174,3.0745512554011736
2025-09-01,8801062518210.0,롯데)칸쵸54g(32),과자,26.0,29.073249999999998,3.073249999999998
2025-09-01,8995077605116.0,아임이)초코웨이퍼롤115g(S),과자,4.0,7.0664941366602925,3.0664941366602925
2025-09-01,8801117777609.0,오리온)눈을감자2000(12),과자,12.0,8.934705500047631,3.065294499952369
2025-09-01,8809809700645.0,웰그린)스위츠레몬녹차제로펫500ml,음료,34.0,37.06521031746031,3.0652103174603127
2025-09-01,8801056055202.0,롯데)트레비레몬펫500ml,음료,2.0,5.048610012298017,3.048610012298017
2025-09-01,8801392060632.0,CJ)맥스봉오리지널70g,간편식품,3.0,6.035946248196248,3.0359462481962476
2025-09-01,88002798.0,빙그레)바나나맛우유240ml,유제품,116.0,112.967683982684,3.032316017316006
2025-09-01,8801117362706.0,오리온)닥터유Pro단백질초코250ml,유제품,23.0,19.97214807414808,3.0278519258519196
2025-09-01,8801037094701.0,동서)포스트단백질바50g,캔디/초콜릿,4.0,7.026097962709805,3.0260979627098052
2025-09-01,8801056174149.0,롯데)레쓰비그란데헤이즐넛펫500ml,음료,14.0,17.016202639952642,3.016202639952642
2025-09-01,88013121.0,P)팔리아멘트아쿠아5mg,담배,1.0,4.009984029955507,3.0099840299555067
2025-09-01,8804973304828.0,마즈)이클립스스피어민트34g,캔디/초콜릿,12.0,9.00105688008111,2.9989431199188896
2025-09-01,8801104946506.0,옐로우)단에이드500ml,유제품,35.0,37.97698058403585,2.97698058403585
2025-09-01,8801007071046.0,HK)컨디션병100ml,음료,2.0,4.9750982999478905,2.9750982999478905
2025-09-01,8809909950223.0,탭스)치킨가라아게유부초밥2편,밥류,20.0,17.03337223887224,2.9666277611277607
2025-09-01,8801019309946.0,해태)포키극세,과자,6.0,8.941367190461227,2.941367190461227
2025-09-01,8801045759623.0,오뚜기)참깨라면볶음면큰컵,가공식품,12.0,14.937955433455432,2.937955433455432
2025-09-01,8809962581846.0,대정)고소한참치마요김밥2편,밥류,79.0,81.92632417582418,2.9263241758241776
2025-09-01,9557062321709.0,아임이)감자칩사워크림&어니언45g(S),과자,24.0,21.083164082687336,2.916835917312664
2025-09-01,8809393810515.0,키다리)세이면진실의미간잔치국수(큰컵),가공식품,15.0,12.08683386662129,2.9131661333787093
2025-09-01,8801073212596.0,삼양)네가지치즈불닭볶음큰컵,가공식품,48.0,45.097799024075336,2.9022009759246643
2025-09-01,8809019594119.0,롯데)초코소보로패스츄리100g,빵/디저트,18.0,20.89092303637733,2.8909230363773304
2025-09-01,8809962582362.0,대정)올바른햄에그김치김밥2편,밥류,92.0,89.12188369963367,2.8781163003663295
2025-09-01,8809909950643.0,탭스)나들이도시락2편(유부&닭강정),밥류,16.0,13.140903273226554,2.859096726773446
2025-09-01,8801155735074.0,동원)덴마크테이크얼라이브스위트자몽250ml,유제품,3.0,5.830003557812179,2.830003557812179
2025-09-01,8809799270203.0,링티)제로레몬펫500ml,음료,5.0,7.828573363212968,2.8285733632129677
2025-09-01,8809650797764.0,대정)더빅뉴참치마요삼각2편,밥류,52.0,54.802591269841265,2.8025912698412654
2025-09-01,8801033000126.0,정식품)베지밀B병190ml,유제품,6.0,8.795599705849707,2.795599705849707
2025-09-01,8801045720760.0,오뚜기)열려라참깨라면큰컵,가공식품,22.0,24.79134554334555,2.7913455433455496
2025-09-01,8803465070616.0,흥생)반숙계란2입,간편식품,91.0,88.21526370851372,2.7847362914862828
2025-09-01,8801068405453.0,삼립)주종단팥크림빵115g,빵/디저트,22.0,24.74407442883913,2.7440744288391308
2025-09-01,8801047284499.0,동원)보성홍차레몬제로아이스티펫500ml,음료,25.0,27.741135310086356,2.7411353100863565
2025-09-01,8801043650182.0,농심)카프리썬오렌지파우치200ml,음료,5.0,7.715651629416335,2.7156516294163353
2025-09-01,8808024033477.0,아임이)아메리카노블랙340ml,음료,13.0,15.7154864212848,2.7154864212847993
2025-09-01,8801121768464.0,매일)두유오리지널190ml,유제품,14.0,16.711343076463763,2.7113430764637627
2025-09-01,8802876205280.0,아임이)이천쌀미니약과80g,과자,40.0,37.29900360750359,2.700996392496407
2025-09-01,8801069171067.0,남양)초코에몽190ml,유제품,80.0,77.3075493672994,2.6924506327005986
2025-09-01,7622210248428.0,밀카)무40g,과자,12.0,9.324937859334225,2.6750621406657746
2025-09-01,8801117157500.0,마켓오네이처)오그래놀라철분바35g,캔디/초콜릿,9.0,6.327341771775438,2.672658228224562
2025-09-01,8801116021888.0,04K)에쎄체인지그램,담배,11.0,13.664998619737753,2.6649986197377533
2025-09-01,8801117760106.0,오리온)포카칩오리지널1700(20),과자,4.0,6.662812827516705,2.6628128275167047
2025-09-01,8806002001845.0,광동)비타500병100ml,음료,25.0,22.338016979471266,2.6619830205287336
2025-09-01,50426416.0,네슬레)킷캣4핑거36.5g,캔디/초콜릿,14.0,11.340074675324678,2.6599253246753225
2025-09-01,8995077605123.0,아임이)바닐라향웨이퍼롤115g(S),과자,2.0,4.631432820137848,2.6314328201378476
2025-09-01,8801116019397.0,K)레종프렌치아이스블랑,담배,14.0,16.624296370296364,2.6242963702963635
2025-09-01,1500000105372.0,롯데)펩시콜라캔210ml(증정용),음료,2.0,4.62290187534082,2.62290187534082
2025-09-01,8809650794015.0,대정)베이컨참치마요김밥2편,밥류,79.0,76.38678571428571,2.6132142857142924
2025-09-01,8809256675862.0,허쉬)다크앤화이트초콜릿칩싱글쿠키50g(10),과자,9.0,6.397748096342806,2.6022519036571943
2025-09-01,8802280004080.0,레트로)옥수수브이콘50g(40),과자,28.0,25.40094398764828,2.5990560123517206
2025-09-01,8809148791441.0,KG)페퍼그릴닭가슴살140g,간편식품,30.0,27.43006349206347,2.5699365079365286
2025-09-01,8801116015931.0,33K)MIIX아이스뱅,담배,29.0,31.551390415140403,2.5513904151404034
2025-09-01,8801121759943.0,매일)허쉬쿠키&크림235ml,유제품,24.0,21.44946830946831,2.5505316905316917
2025-09-01,8809184805584.0,밸런스그로우)블루레몬에이드230ml,음료,1.0,3.536755507356864,2.536755507356864
2025-09-01,8801056177584.0,롯데)칠성사이다제로펫500ml,음료,26.0,23.47047017797018,2.5295298220298186
2025-09-01,8801382126560.0,웅진)초록매실펫500ml,음료,44.0,41.489581117712696,2.510418882287304
2025-09-01,8801104946520.0,옐로우)신에이드500ml,유제품,33.0,35.50254273504274,2.502542735042738
2025-09-01,8801013777376.0,큐원)상쾌환스틱(샤인머스캣맛),커피차/건강,1.0,3.4948830074278714,2.4948830074278714
2025-09-01,8801155731847.0,동원)덴마크커피커피우유300ml,유제품,34.0,31.505735598686634,2.494264401313366
2025-09-01,8801117113407.0,오리온)핫고래밥매콤양념56g(12),과자,7.0,4.508249675719965,2.4917503242800354
2025-09-01,8801115382102.0,동서)스타벅스바닐라라떼320ml,유제품,10.0,12.488453872818003,2.4884538728180026
2025-09-01,8801056836016.0,롯데)게토레이캔240ml,음료,9.0,6.524634366497335,2.4753656335026646
2025-09-01,8801155732769.0,동원)덴마크테이크얼라이브머스캣청포도250ml,유제품,3.0,5.4738318903318905,2.4738318903318905
2025-09-01,8801116036028.0,K)레종이오니아아일랜드핑크0.1mg,담배,9.0,11.450604964479965,2.4506049644799646
2025-09-01,8801382148753.0,아임이)소프트워터청포도펫500ml(new),음료,12.0,14.449151263688782,2.4491512636887816
2025-09-01,8801007867045.0,CJ)햇반스팸김치덮밥,가공식품,4.0,6.446546197744448,2.446546197744448
2025-09-01,8801013776034.0,큐원)상쾌환스틱(망고맛),커피차/건강,1.0,3.4351569216320326,2.4351569216320326
2025-09-01,8801045890418.0,오뚜기)맛있는밥210g,가공식품,35.0,37.42762773220931,2.4276277322093094
2025-09-01,8801104304023.0,빙그레)사이즈업아메리카노350ml,유제품,6.0,8.4203822001418,2.4203822001418
2025-09-01,8809388463931.0,이디야)돌체콜드브루300ml,유제품,3.0,5.4202548606364385,2.4202548606364385
2025-09-01,8801097160064.0,동아)데미소다애플캔250ml,음료,24.0,21.58042340960445,2.4195765903955504
2025-09-01,8994834005855.0,게메즈에낙)라면과자스파이시28g,과자,11.0,13.418784271284265,2.418784271284265
2025-09-01,88017617.0,P)말보로아이스블라스트1mg,담배,4.0,6.416081359839163,2.416081359839163
2025-09-01,80050278.0,페레로)로쉐T3,캔디/초콜릿,1.0,3.4005528133381744,2.4005528133381744
2025-09-01,8801117493103.0,오리온)닥터유Pro단백질바크런치70g,캔디/초콜릿,18.0,15.599958680208676,2.400041319791324
2025-09-01,8801068921403.0,삼립)트리플치즈부리또125g,간편식품,17.0,14.602442581364999,2.3975574186350013
2025-09-01,8801007732442.0,CJ)햇반스팸마요덮밥,가공식품,3.0,5.389104541645891,2.3891045416458914
2025-09-01,76145759.0,토블론)밀크초콜렛35g,캔디/초콜릿,15.0,12.619272546897543,2.380727453102457
2025-09-01,8801056143015.0,롯데)칠성사이다캔250ml,음료,8.0,10.370510465806362,2.370510465806362
2025-09-01,8990800000053.0,농심)멘토스푸르티,캔디/초콜릿,3.0,5.365688905865374,2.3656889058653743
2025-09-01,8801068371192.0,삼립)잼있는사과쿠키,빵/디저트,24.0,26.36247869135369,2.36247869135369
2025-09-01,8801043045643.0,농심)안성탕면소컵,가공식품,17.0,19.355951080076082,2.355951080076082
2025-09-01,8801056040925.0,롯데)칠성사이다캔355ml,음료,12.0,14.346449855699861,2.346449855699861
2025-09-01,8801111188012.0,크라운)새콤달콤포도,캔디/초콜릿,10.0,12.327763142508827,2.327763142508827
2025-09-01,8801062331673.0,롯데)목캔디파워38g,캔디/초콜릿,1.0,3.3239451468877705,2.3239451468877705
2025-09-01,8801382150220.0,웅진)자연은더말린자몽제로펫500ml,음료,36.0,38.28922633309841,2.289226333098412
2025-09-01,8801007951805.0,CJ)닭가슴살청양고추핫바80g,간편식품,141.0,143.28028282828285,2.28028282828285
2025-09-01,8809565382062.0,그린)빅더블불고기치즈버거2편(중단),조리빵,18.0,15.726347532395916,2.2736524676040837
2025-09-01,88022536.0,J)메비우스LBS2.0선셋비치3mg,담배,17.0,14.726703752866271,2.273296247133729
2025-09-01,8801037086942.0,동서)스타벅스라떼컵200ml,유제품,7.0,9.272433825654192,2.2724338256541916
2025-09-01,8806011435631.0,동아)박카스젤리50g,캔디/초콜릿,22.0,19.72773714851041,2.2722628514895895
2025-09-01,4001686375754.0,하리보)프루티부시100g,캔디/초콜릿,10.0,12.26931165288612,2.2693116528861204
2025-09-01,8850389109229.0,쥬맥스)모구모구요거트펫320ml,음료,16.0,13.731924238596656,2.2680757614033435
2025-09-01,8801045892344.0,오뚜기)컵밥김치알밥,가공식품,7.0,4.737828317943178,2.262171682056822
2025-09-01,8801117652104.0,오리온)와우아이셔청사과21g,캔디/초콜릿,10.0,7.752148012200933,2.2478519877990673
2025-09-01,8800244140355.0,아임이)온숲제로망고에이드340ml,음료,4.0,6.22882505192644,2.2288250519264396
2025-09-01,8801111187893.0,크라운)마이쮸포도44g,캔디/초콜릿,5.0,7.21736718679751,2.21736718679751
2025-09-01,8801062475735.0,롯데)연유미니샌드100g,빵/디저트,28.0,25.784541642291643,2.215458357708357
2025-09-01,8801045551890.0,오뚜기)열라면소컵,가공식품,25.0,27.200223574738285,2.200223574738285
2025-09-01,8801019306907.0,해태)에이스121g,과자,2.0,4.168318476026653,2.168318476026653
2025-09-01,8801121768174.0,매일)바리스타콜드브루블랙325ml,유제품,2.0,4.163286656528143,2.1632866565281432
2025-09-01,8809402812134.0,프란찌)요거트초코쿠키58g,과자,1.0,3.158137970626724,2.158137970626724
2025-09-01,8801062321773.0,롯데)왓따껌콜라맛23g,캔디/초콜릿,5.0,7.156653188512434,2.1566531885124336
2025-09-01,8801045574097.0,오뚜기)컵누들베트남쌀국수맛소컵,가공식품,11.0,8.850351698364642,2.1496483016353576
2025-09-01,8801056083557.0,롯데)칸타타아이스스윗아메리카노제로230ml,음료,9.0,6.856439186258278,2.143560813741722
2025-09-01,80176732.0,매일)킨더해피히포21g,과자,13.0,10.867683566433566,2.1323164335664337
2025-09-01,8809293682489.0,미야오캣)곤약젤리포도130g,간편식품,3.0,5.124472684666357,2.1244726846663573
2025-09-01,8801047284550.0,동원)보성홍차애플제로아이스티펫500ml,음료,53.0,50.88115764790764,2.118842352092358
2025-09-01,8801007820415.0,CJ)햇반불닭마요덮밥,가공식품,1.0,3.116783913228588,2.116783913228588
2025-09-01,8801043014731.0,농심)안성탕면봉지,가공식품,26.0,23.892478354978365,2.1075216450216345
2025-09-01,8801068921410.0,삼립)트리플미트부리또125g,간편식품,9.0,11.1056455124174,2.1056455124174
2025-09-01,8801111187916.0,크라운)마이쮸사과44g,캔디/초콜릿,15.0,12.899551498063339,2.100448501936661
2025-09-01,8801013776829.0,큐원)상쾌환스틱ZERO(청사과맛),커피차/건강,1.0,3.096178014751589,2.096178014751589
2025-09-01,8801094083205.0,코카)콜라제로캔350ml,음료,8.0,10.083509318167213,2.083509318167213
2025-09-01,8801007280417.0,CJ)비비고썰은배추김치60g,간편식품,19.0,21.082750000000004,2.0827500000000043
2025-09-01,8801128308076.0,hy)야쿠르트제로팩190ml,유제품,101.0,98.91869985569987,2.0813001443001298
2025-09-01,8801056192013.0,롯데)칠성사이다펫500ml,음료,3.0,5.07615126883866,2.07615126883866
2025-09-01,8801043450690.0,농심)웰치포도캔355ml,음료,15.0,12.928128172135654,2.0718718278643458
2025-09-01,8808024032708.0,옐로우)향커피500ml,유제품,47.0,44.92885194805194,2.0711480519480574
2025-09-01,88021140.0,J)메비우스LBS스파클링듀3mg,담배,1.0,3.0553256044372734,2.0553256044372734
2025-09-01,8850389106280.0,쥬맥스)모구모구복숭아펫320ml,음료,7.0,9.051535574482989,2.0515355744829886
2025-09-01,8801045571577.0,오뚜기)컵누들매콤한맛소컵,가공식품,23.0,25.04604148629148,2.046041486291479
2025-09-01,8801105908367.0,코카)아침에사과펫500ml,음료,17.0,14.97012445887446,2.0298755411255396
2025-09-01,8809650793131.0,대정)통스팸마요&김치반반김밥2편,밥류,72.0,74.02900396825396,2.02900396825396
2025-09-01,8801654091947.0,아임이)바삭e김도시락김5g,가공식품,14.0,16.026604978354975,2.0266049783549747
2025-09-01,88023977.0,B)던힐파인컷멜로우크러쉬(New),담배,2.0,4.019584548769618,2.0195845487696182
2025-09-01,8801068405576.0,삼립)순우유완듀팡110g,빵/디저트,22.0,19.988027042402045,2.011972957597955
2025-09-01,8801094017606.0,코카)콜라펫500ml,음료,7.0,9.002957547700994,2.002957547700994
2025-09-01,4897036693728.0,코카)몬스터에너지제로슈거캔355ml,음료,18.0,16.00801452530698,1.9919854746930206
2025-09-01,88023014.0,P)테리아블루,담배,9.0,7.029749465802819,1.9702505341971808
2025-09-01,8801045560052.0,오뚜기)뿌셔뿌셔양념치킨맛(24),과자,10.0,8.037987786368221,1.9620122136317786
2025-09-01,8809274513948.0,풀무원)요거톡스타볼132g,유제품,21.0,22.958048244502535,1.9580482445025353
2025-09-01,8801056610012.0,롯데)펩시콜라캔250ml,음료,5.0,6.956978125040703,1.9569781250407026
2025-09-01,6921211115076.0,농심)멘토스콜라맛,캔디/초콜릿,9.0,10.951680735930736,1.9516807359307364
2025-09-01,8809962581587.0,대정)아삭햄야채샐러드샌드위치,조리빵,12.0,13.943135244683633,1.9431352446836332
2025-09-01,8801068371208.0,삼립)잼있는딸기쿠키,빵/디저트,9.0,10.941712498612496,1.941712498612496
2025-09-01,8992775315095.0,게리치즈크래커100g,과자,8.0,6.0613515530913045,1.9386484469086955
2025-09-01,8801043650311.0,농심)카프리썬오렌지망고파우치200ml,음료,8.0,9.933551396481779,1.9335513964817785
2025-09-01,8801382147121.0,아임이)신선함을그대로알로에펫500ml,음료,60.0,58.07324025974027,1.9267597402597332
2025-09-01,8801007778280.0,CJ)햇반치킨마요덮밥,가공식품,1.0,2.926443016261498,1.9264430162614978
2025-09-01,8801056083564.0,롯데)칸타타아이스블랙230ml,음료,13.0,14.918410370675081,1.9184103706750815
2025-09-01,8801073102538.0,삼양)삼양라면봉지면,가공식품,3.0,4.914736793980593,1.9147367939805928
2025-09-01,8801117267605.0,오리온)초코칩쿠키104g,과자,8.0,6.086826245827929,1.913173754172071
2025-09-01,8800244140232.0,아임이)얼포카340ml,음료,35.0,36.91309978354978,1.9130997835497823
2025-09-01,8801056002701.0,롯데)2%복숭아제로캔240ml,음료,19.0,17.091068709068722,1.9089312909312781
2025-09-01,8801155731632.0,동원)덴마크딸기딸기우유300ml,유제품,31.0,32.89258304656039,1.8925830465603894
2025-09-01,8801123410392.0,롯데)의성마늘직꾸닭매콤레드100g,간편식품,54.0,52.11905952380951,1.8809404761904887
2025-09-01,8809388464471.0,이디야)쇼콜라모카300ml,유제품,8.0,9.872744362916777,1.8727443629167766
2025-09-01,8801116006076.0,K)더원체인지,담배,5.0,6.855463576960197,1.8554635769601973
2025-09-01,8809565381768.0,그린)불고기새우버거2편(중단),조리빵,2.0,3.855183189218426,1.855183189218426
2025-09-01,8801116008551.0,K)디스아프리카아이스잭5mg,담배,13.0,11.156860835402384,1.8431391645976163
2025-09-01,6925425474653.0,농심)츄파춥스게코젤리90g,캔디/초콜릿,16.0,14.157857142857138,1.8421428571428624
2025-09-01,8801115224303.0,동서)스타벅스카페모카320ml,유제품,4.0,5.840366887262681,1.8403668872626806
2025-09-01,8801117775001.0,오리온)스윙칩볶음고추장1700(12),과자,8.0,6.163245297872814,1.8367547021271857
2025-09-01,8804973308789.0,마즈)이클립스플러스꿀&레몬향30g,캔디/초콜릿,2.0,3.829084918020178,1.829084918020178
2025-09-01,8801073112278.0,삼양)삼양라면큰컵,가공식품,21.0,22.796348449863164,1.7963484498631637
2025-09-01,8801069415833.0,남양)테이크핏프로틴고소한맛250ml,유제품,10.0,11.796016067805404,1.7960160678054038
2025-09-01,8801062012725.0,롯데)아몬드빼빼로37g(40),과자,6.0,7.788016994486446,1.788016994486446
2025-09-01,8801037095876.0,동서)포스트오곡코코볼바33g,캔디/초콜릿,6.0,7.787311974861383,1.7873119748613826
2025-09-01,8801062893546.0,롯데)ABC초코쿠키50g(32),과자,6.0,7.787135345000391,1.787135345000391
2025-09-01,8809565381607.0,그린)스테이크버거2편(중단),조리빵,9.0,10.786952575202571,1.7869525752025712
2025-09-01,8990800000992.0,농심)멘토스포도,캔디/초콜릿,2.0,3.7753666554491248,1.7753666554491248
2025-09-01,8801056097899.0,롯데)레쓰비그란데라떼펫500ml,음료,20.0,18.243686147186157,1.7563138528138431
2025-09-01,8801062633456.0,롯데)크런키볼용기76g,캔디/초콜릿,13.0,11.24477490477756,1.7552250952224409
2025-09-01,8801116025251.0,15K)에쎄이츠딥브라운1mg,담배,7.0,8.75321536486573,1.7532153648657296
2025-09-01,8801073110502.0,삼양)불닭볶음면봉지,가공식품,5.0,3.2580902909463823,1.7419097090536177
2025-09-01,8806004407133.0,현대)미에로화이바펫350ml,음료,18.0,19.740874342215434,1.7408743422154345
2025-09-01,34000239344.0,롯데)허쉬쿠키앤크림40g,캔디/초콜릿,9.0,10.737485867996735,1.7374858679967353
2025-09-01,8801045897585.0,오뚜기)컵밥얼큰순후추돼지국밥,가공식품,3.0,4.7254441936220335,1.7254441936220335
2025-09-01,8801068392944.0,삼립)초코블랑48g,빵/디저트,32.0,33.71929055739581,1.7192905573958086
2025-09-01,8801111187879.0,크라운)마이쮸딸기44g,캔디/초콜릿,10.0,8.284622068610732,1.715377931389268
2025-09-01,8801043017602.0,농심)너구리큰사발,가공식품,32.0,33.71025793650794,1.7102579365079364
2025-09-01,8809909950216.0,탭스)새콤달콤유부초밥2편,밥류,22.0,20.29348591855756,1.7065140814424389
2025-09-01,8801062012756.0,롯데)초코필드빼빼로53g(40),과자,9.0,10.699679924242423,1.6996799242424228
2025-09-01,8801068409062.0,삼립)풍미가촉촉치즈케익95g,빵/디저트,33.0,31.305081919032958,1.6949180809670423
2025-09-01,8801043015813.0,농심)튀김우동소컵,가공식품,30.0,28.321269841269842,1.6787301587301577
2025-09-01,8801116040360.0,08K)에쎄체인지슈팅레드1mg,담배,41.0,42.676320372901955,1.6763203729019551
2025-09-01,8801062318490.0,롯데)자일리톨코팅,캔디/초콜릿,6.0,7.67171130493764,1.6717113049376398
2025-09-01,8801007635989.0,CJ)비비고김치볶음80g,간편식품,9.0,10.669457431457431,1.669457431457431
2025-09-01,8801116008131.0,K)레종휘바3mg,담배,1.0,2.6507201187116585,1.6507201187116585
2025-09-01,8805684010640.0,MDS)베이컨까르보나라230g(NEW),간편식품,8.0,6.355516354326353,1.6444836456736471
2025-09-01,8801116006533.0,23K)보헴시가슬림핏브라운1mg,담배,3.0,4.641017277875968,1.6410172778759682
2025-09-01,8801105911299.0,코카)포도봉봉캔340ml,음료,2.0,3.633715149187456,1.6337151491874562
2025-09-01,8801037008173.0,동서)스타벅스더블샷바닐라캔200ml,음료,4.0,5.630609253459255,1.6306092534592551
2025-09-01,8801037086188.0,동서)스타벅스오리지날병281ml,음료,1.0,2.6300259312392686,1.6300259312392686
2025-09-01,8801117549916.0,오리온)오뜨쇼콜라150g,과자,1.0,2.6294345559139796,1.6294345559139796
2025-09-01,8801382145080.0,웅진)빅토리아레몬펫500ml,음료,10.0,11.622732034632033,1.6227320346320333
2025-09-01,8804973306204.0,마즈)몰티져스밀크37g,캔디/초콜릿,19.0,17.378999445297833,1.6210005547021673
2025-09-01,8801069416007.0,남양)테이크핏프로틴초코250ml,유제품,26.0,24.380559125740163,1.619440874259837
2025-09-01,8801117131210.0,오리온)다이제씬84g,과자,5.0,3.385669931514799,1.6143300684852009
2025-09-01,8801045571638.0,오뚜기)진라면매운맛큰컵,가공식품,43.0,44.6020741247057,1.6020741247057018
2025-09-01,8801094362409.0,코카)파워에이드마운틴펫1.5L,음료,1.0,2.5965608962887394,1.5965608962887394
2025-09-01,7622201750718.0,호올스)블루베리27.9g,캔디/초콜릿,1.0,2.5957213668980987,1.5957213668980987
2025-09-01,8801056083571.0,롯데)칸타타아이스헤이즐넛230ml,음료,7.0,8.584766813955579,1.5847668139555786
2025-09-01,8809083707422.0,이가)수제비라면183g,간편식품,1.0,2.5732518156065116,1.5732518156065116
2025-09-01,8801155735081.0,동원)덴마크테이크얼라이브망고250ml,유제품,6.0,7.566264194428861,1.566264194428861
2025-09-01,8801062864133.0,롯데)왓따망고23g,캔디/초콜릿,1.0,2.5648761379676923,1.5648761379676923
2025-09-01,8809395792857.0,일회용)종이컵184ml*10입,생활잡화,5.0,3.466669627840423,1.5333303721595768
2025-09-01,8803186000008.0,옐로우)올데이워터생수펫2L,음료,4.0,5.532904480666991,1.532904480666991
2025-09-01,8801382145769.0,웅진)광명찾은결명자차펫500ml,음료,50.0,48.4820497835498,1.5179502164502026
2025-09-01,8809243174149.0,대광)오븐에구운도너츠40g,빵/디저트,28.0,29.512115995116,1.5121159951160017
2025-09-01,8801116037292.0,36K)MIIX블루썸,담배,3.0,4.506720075533284,1.5067200755332841
2025-09-01,8801062633715.0,롯데)드림카카오72프로용기86g,캔디/초콜릿,1.0,2.5030603425091953,1.5030603425091953
2025-09-01,8801043036078.0,농심)매운새우깡90g(20),과자,1.0,2.5029494990590364,1.5029494990590364
2025-09-01,8801492391995.0,하림)마늘후랑크70g,간편식품,78.0,79.4944498834499,1.494449883449903
2025-09-01,88022598.0,J)메비우스LBS트로피컬믹스3mg,담배,7.0,5.5261886195095204,1.4738113804904796
2025-09-01,8801116005314.0,01K)에쎄체인지1mg,담배,25.0,26.472791628913715,1.4727916289137148
2025-09-01,8801043015745.0,농심)오징어짬뽕소컵,가공식품,33.0,31.528746392496394,1.4712536075036056
2025-09-01,88011752.0,P)말보로화이트후레쉬,담배,2.0,3.4660615921521405,1.4660615921521405
2025-09-01,8801037096392.0,동서)스타벅스셀렉트바닐라라떼펫300ml,음료,18.0,16.538847883597885,1.4611521164021148
2025-09-01,8801068405484.0,삼립)주종슈크림빵90g,빵/디저트,20.0,21.4543582085756,1.4543582085755986
2025-09-01,1500000200596.0,CJ)햇반사골곰탕국밥,가공식품,2.0,3.452750871458071,1.452750871458071
2025-09-01,8809650799089.0,대정)햄참치마요삼각김밥,밥류,18.0,16.559878536416054,1.4401214635839459
2025-09-01,8806002009957.0,광동)진한헛개차펫500ml,음료,17.0,15.575691613941613,1.424308386058387
2025-09-01,88021331.0,J)메비우스LBS옐로우1mg,담배,6.0,7.421461002403513,1.4214610024035128
2025-09-01,8801117368005.0,오리온)키위알맹이젤리67g,캔디/초콜릿,3.0,4.417402534532822,1.4174025345328216
2025-09-01,8809650794770.0,대정)스팸김치볶음삼각김밥,밥류,18.0,16.5894949127933,1.410505087206701
2025-09-01,8809695250958.0,팔도)틈새매운김치큰컵(16),가공식품,20.0,21.40607479697305,1.4060747969730514
2025-09-01,8801007894850.0,CJ)햇반빅치킨마요덮밥,가공식품,1.0,2.4044556982281167,1.4044556982281167
2025-09-01,8801382147091.0,아임이)신선함을그대로감귤펫1.5L,음료,1.0,2.4030335771140368,1.4030335771140368
2025-09-01,8801094603700.0,코카)파워에이드퍼플스톰펫600ml,음료,4.0,5.392990367221528,1.392990367221528
2025-09-01,8801062865680.0,롯데)제로초콜릿칩쿠키84g,과자,1.0,2.390960626118589,1.3909606261185892
2025-09-01,8998389221081.0,아임이)초코칩쿠키400g(S),과자,1.0,2.390380143172057,1.3903801431720568
2025-09-01,8801045338286.0,오뚜기)김치버블만두168g,간편식품,5.0,3.613017778922633,1.3869822210773668
2025-09-01,8809720820194.0,에이스)감자알칩42g(20),과자,6.0,7.386568175511797,1.3865681755117967
2025-09-01,8801007638225.0,CJ)햇반철판김치덮밥,가공식품,1.0,2.382751161486804,1.3827511614868042
2025-09-01,8801115691181.0,서울)체다치즈54g,유제품,9.0,7.62880930471482,1.37119069528518
2025-09-01,8801111180993.0,크라운)콘초1500(18),과자,1.0,2.3663137895441015,1.3663137895441015
2025-09-01,7622201750848.0,호올스)멘톨27.9g,캔디/초콜릿,7.0,8.360485064019771,1.3604850640197714
2025-09-01,8809388464464.0,이디야)바닐라라떼300ml,유제품,5.0,6.356960386264339,1.3569603862643387
2025-09-01,8801068913774.0,삼립)상하이스파이시버거2편(중단),조리빵,19.0,17.65653515928516,1.3434648407148408
2025-09-01,8801116007417.0,K)보헴시가리브레5mg,담배,2.0,3.3423419616559573,1.3423419616559573
2025-09-01,8809083705558.0,이가)얼큰김치수제비197g,간편식품,2.0,3.3400986118657947,1.3400986118657947
2025-09-01,7622201750749.0,호올스)자몽27.9g,캔디/초콜릿,7.0,8.339794372294373,1.3397943722943726
2025-09-01,8801117689704.0,오리온)치즈뿌린치킨팝65g(16),과자,11.0,9.67634661649965,1.32365338350035
2025-09-01,8801037003536.0,동서)스타벅스더블샷바닐라캔275ml,음료,1.0,2.319928799129615,1.319928799129615
2025-09-01,8805684010633.0,MDS)라구파스타230g,간편식품,2.0,3.309201452530687,1.309201452530687
2025-09-01,8808024030711.0,쟈뎅)까페리얼빅샤인머스캣에이드320ml,음료,4.0,5.29389894226221,1.29389894226221
2025-09-01,8801069417554.0,남양)테이크핏프로틴바나나250ml,유제품,7.0,8.293567033190817,1.2935670331908167
2025-09-01,8809184805577.0,밸런스그로우)복숭아에이드230ml,음료,13.0,14.289304936103317,1.289304936103317
2025-09-01,8801045750750.0,오뚜기)바삭한모짜소떡핫도그100g,간편식품,2.0,3.279456404964869,1.279456404964869
2025-09-01,6914973603202.0,마즈)엠앤엠즈피넛싱글37g,캔디/초콜릿,7.0,5.726858310387481,1.273141689612519
2025-09-01,8809403539085.0,인테이크)슈가로로코코제로리치펫340ml,음료,7.0,5.732791738681027,1.2672082613189728
2025-09-01,8801111951876.0,크라운)마이쮸애플망고44g,캔디/초콜릿,5.0,6.264114234599527,1.2641142345995267
2025-09-01,88022116.0,J)메비우스LBS옐로우3mg,담배,6.0,7.260412532638451,1.2604125326384512
2025-09-01,8801007446998.0,CJ)햇반직화짜장덮밥,가공식품,1.0,2.2600380724249876,1.2600380724249876
2025-09-01,8801007429298.0,CJ)비비고찐만두168g,간편식품,1.0,2.258241266798905,1.2582412667989051
2025-09-01,8801116006731.0,K)토니노람보르기니아이스볼트GT,담배,5.0,6.235451014419826,1.2354510144198256
2025-09-01,8801382124528.0,웅진)아침햇살펫500ml,음료,15.0,13.768250610500608,1.2317493894993916
2025-09-01,8801007608112.0,CJ)햇반직화불고기덮밥,가공식품,1.0,2.2286454306453787,1.2286454306453787
2025-09-01,8801043068178.0,농심)멘토스사워파인애플,캔디/초콜릿,6.0,7.2286319625844975,1.2286319625844975
2025-09-01,8801007921235.0,CJ)햇반빅치즈닭갈비덮밥,가공식품,1.0,2.22662740865406,1.22662740865406
2025-09-01,4001686323366.0,하리보)해피콜라100g,캔디/초콜릿,1.0,2.221606015644519,1.221606015644519
2025-09-01,8801753110501.0,연세)블루베리요거트300ml,유제품,27.0,28.214097402597403,1.2140974025974032
2025-09-01,8801382149477.0,아임이)신선함을그대로망고펫1.5L,음료,6.0,4.786425413808905,1.2135745861910952
2025-09-01,4897036694817.0,코카)몬스터에너지레모네이드캔355ml,음료,27.0,25.790884920634923,1.209115079365077
2025-09-01,8801068402261.0,포켓몬)피카츄치즈케익80g,빵/디저트,36.0,34.79315195455299,1.2068480454470105
2025-09-01,8809962583307.0,대정)소고기고추장삼각김밥,밥류,17.0,15.82505205733957,1.1749479426604292
2025-09-01,88017174.0,P)말보로아이스블라스트,담배,4.0,5.169920679299062,1.1699206792990617
2025-09-01,8809650797900.0,대정)전주비빔참치마요삼각,밥류,16.0,14.839574952824956,1.1604250471750444
2025-09-01,6921211104292.0,농심)멘토스레인보우,캔디/초콜릿,15.0,13.850305555555554,1.149694444444446
2025-09-01,8801753110976.0,연세)스트로베리요거트300ml,유제품,23.0,24.144508259939297,1.1445082599392968
2025-09-01,8691216099579.0,하리보)골드베어사우어80g,캔디/초콜릿,11.0,12.12066269841269,1.1206626984126906
2025-09-01,8801045892641.0,오뚜기)컵밥참치마요덮밥,가공식품,6.0,4.880383087553497,1.119616912446503
2025-09-01,8801155740054.0,덴마크)테이크얼라이브스위티자몽제로펫500ml,음료,17.0,18.114846577335708,1.1148465773357081
2025-09-01,8806016115613.0,동화)생생톤UP병210ml,음료,3.0,4.112762138577765,1.1127621385777653
2025-09-01,8801043068314.0,농심)먹태깡청양마요맛60g(16),과자,2.0,3.1120321221106506,1.1120321221106506
2025-09-01,8801045571362.0,오뚜기)진라면순한맛큰컵,가공식품,15.0,13.889386512433923,1.1106134875660771
2025-09-01,8801105915006.0,코카)갈아만든배캔340ml,음료,2.0,3.1022961763320414,1.1022961763320414
2025-09-01,8691216099074.0,하리보)믹스사우어80g,캔디/초콜릿,11.0,12.098874686716789,1.0988746867167887
2025-09-01,8801116022731.0,K)보헴시가아이스핏,담배,15.0,16.09380803254716,1.0938080325471589
2025-09-01,8808244201014.0,광동)삼다수펫500ml,음료,49.0,50.08197893217893,1.0819789321789273
2025-09-01,8801056083588.0,롯데)칸타타아이스카라멜마끼아또230ml,음료,8.0,9.081582417582418,1.0815824175824176
2025-09-01,8801074004107.0,옐로우)레드크랩150g,간편식품,12.0,13.073642316017313,1.0736423160173132
2025-09-01,8801062634415.0,롯데)빈츠102g(20),과자,2.0,3.055191397872083,1.055191397872083
2025-09-01,88022680.0,B)던힐1mg(신)_DTOLL,담배,2.0,3.0477857292511805,1.0477857292511805
2025-09-01,8801117488307.0,오리온)닥터유Pro단백질바70g,캔디/초콜릿,7.0,8.044925221698318,1.0449252216983176
2025-09-01,8801117138004.0,마켓오네이처)오그래놀라단백질바40g,캔디/초콜릿,25.0,26.040450006598434,1.0404500065984337
2025-09-01,8809962581549.0,대정)페스츄리에그샌드2편(중단),조리빵,15.0,13.968590104340098,1.0314098956599018
2025-09-01,8809650799157.0,대정)뉴숯불갈비맛삼각김밥,밥류,16.0,14.971486040023553,1.028513959976447
2025-09-01,8809256674643.0,허쉬)초콜릿칩싱글쿠키50g(10),과자,10.0,11.028290187925103,1.0282901879251032
2025-09-01,8801104940931.0,빙그레)사이즈업연유라떼350ml,유제품,5.0,6.0252624719666095,1.0252624719666095
2025-09-01,8801382147114.0,아임이)신선함을그대로포도펫1.5L,음료,1.0,2.0229284821014244,1.0229284821014244
2025-09-01,8801062012701.0,롯데)초코빼빼로54g(40),과자,11.0,9.978795975947627,1.0212040240523734
2025-09-01,8801104304047.0,빙그레)사이즈업카페라떼350ml,유제품,5.0,6.016211285922094,1.0162112859220942
2025-09-01,9557062361347.0,아임이)감자칩사워크림어니언110g(S),과자,13.0,11.985030190133134,1.0149698098668658
2025-09-01,8801117120306.0,오리온)통크초코1200,과자,10.0,8.985148615473532,1.0148513845264677
2025-09-01,8801094523206.0,코카)조지아맥스캔240ml,음료,12.0,10.988094919082094,1.0119050809179058
2025-09-01,8801056049201.0,롯데)게토레이레몬펫600ml,음료,14.0,12.988697291447288,1.0113027085527122
2025-09-01,8809293682472.0,미야오캣)곤약젤리복숭아130g,간편식품,6.0,7.008767783234963,1.0087677832349629
2025-09-01,8801043015226.0,농심)올리브짜파게티봉지,가공식품,10.0,11.00442840774873,1.0044284077487298
2025-09-01,8801117158118.0,오리온)비쵸비125g(24),과자,2.0,3.0007800900982016,1.0007800900982016
2025-09-01,8801111186582.0,크라운)참크래커56g(W),과자,2.0,2.988768373243248,0.9887683732432482
2025-09-01,8801037035476.0,동서)스타벅스더블샷에스프레소크림캔200ml,음료,2.0,2.9817106511701956,0.9817106511701956
2025-09-01,8804973308802.0,마즈)이클립스플러스배&비파향30g,캔디/초콜릿,6.0,5.018981387617898,0.9810186123821021
2025-09-01,8801117555818.0,오리온)리얼브라우니6입120gR,과자,2.0,2.9725700359043192,0.9725700359043192
2025-09-01,8809565382055.0,그린)인기인가요샌드위치2편,조리빵,43.0,42.02917893217893,0.9708210678210705
2025-09-01,8801062014002.0,롯데)도리토스갈비천왕치킨맛84g(12),과자,4.0,4.969966601280032,0.9699666012800323
2025-09-01,9556001216144.0,네슬레)킷캣청키쿠키앤크림38g,캔디/초콜릿,4.0,4.966772172530792,0.9667721725307921
2025-09-01,8801094503000.0,코카)조지아오리지널캔240ml,음료,10.0,10.951989617219924,0.9519896172199243
2025-09-01,8808024025809.0,쟈뎅)시그니처빅헤이즐넛320ml,음료,5.0,5.946224311787725,0.9462243117877254
2025-09-01,8801062380114.0,롯데)꼬깔콘고소한맛67g(12),과자,3.0,3.943073345948408,0.9430733459484082
2025-09-01,8801116036066.0,K)레종이오니아아쿠아그린0.1mg,담배,17.0,16.062117410367417,0.9378825896325829
2025-09-01,8801116013050.0,K)릴하이브리드(액상카트리지)보루(신),담배,13.0,12.065276699585958,0.9347233004140421
2025-09-01,8801043015110.0,농심)오징어짬뽕봉지,가공식품,8.0,7.065498742186598,0.9345012578134018
2025-09-01,8801045560038.0,오뚜기)뿌셔뿌셔불고기맛(24),과자,5.0,4.06895083421954,0.9310491657804603
2025-09-01,8801094989200.0,코카)씨그램레몬펫350ml,음료,3.0,3.9167396329589708,0.9167396329589708
2025-09-01,8801056055189.0,롯데)트레비라임펫500ml,음료,4.0,4.912173409064365,0.9121734090643647
2025-09-01,8801047284598.0,동원)보성홍차샤인머스캣제로아이스티펫500ml,음료,61.0,61.90155006105007,0.9015500610500666
2025-09-01,8801155740061.0,덴마크)테이크얼라이브망고제로펫500ml,음료,21.0,21.879051549982588,0.8790515499825879
2025-09-01,8806002020174.0,광동)밀싹보리차펫500ml,음료,21.0,20.121309644059643,0.8786903559403569
2025-09-01,8809288635131.0,BR)베리베리스트로베리초코볼32g,캔디/초콜릿,17.0,17.87638690645855,0.8763869064585492
2025-09-01,88017624.0,P)팔리아멘트하이브리드5mg,담배,4.0,3.1364384418461424,0.8635615581538576
2025-09-01,8805684010657.0,MDS)투움바파스타230g(NEW),간편식품,6.0,6.856457319365782,0.8564573193657816
2025-09-01,8801045431314.0,오뚜기)진비빔면(큰컵),가공식품,2.0,2.849665119790116,0.8496651197901159
2025-09-01,8801043035989.0,농심)새우깡90g(20),과자,4.0,3.1606772782071766,0.8393227217928234
2025-09-01,8804973304811.0,마즈)이클립스페퍼민트34g,캔디/초콜릿,44.0,43.162712430844,0.8372875691559969
2025-09-01,8809223278980.0,PK)초코썸76g(16),과자,4.0,3.1674936908238336,0.8325063091761664
2025-09-01,9555022306551.0,아임이)라면스낵250g10입(S)(10),과자,2.0,2.8239650058806056,0.8239650058806056
2025-09-01,8801045520124.0,오뚜기)진라면매운맛봉지,가공식품,2.0,2.817759828647509,0.817759828647509
2025-09-01,6914973603035.0,마즈)스키틀즈오리지날45g,캔디/초콜릿,5.0,5.817116623735737,0.8171166237357372
2025-09-01,8801062278053.0,롯데)가나초코바아몬드43g,캔디/초콜릿,4.0,4.811901816469082,0.8119018164690823
2025-09-01,8801037086195.0,동서)스타벅스모카병281ml,음료,3.0,3.808648519263511,0.8086485192635111
2025-09-01,8809650797887.0,대정)통스팸참치마요삼각,밥류,16.0,15.203126947425332,0.7968730525746679
2025-09-01,8801116001293.0,K)보헴시가넘버6,담배,2.0,2.7927371235152676,0.7927371235152676
2025-09-01,8809171363493.0,죠스)매콤꾸덕로제떡볶이198g,간편식품,4.0,3.216210616073388,0.7837893839266119
2025-09-01,8801019607912.0,해태)자가비짭짤한맛45g(12),과자,9.0,9.770610389610392,0.7706103896103915
2025-09-01,8801056831011.0,롯데)솔의눈캔240ml,음료,1.0,1.7698577282436556,0.7698577282436556
2025-09-01,8801062628773.0,롯데)가나초코바45g,캔디/초콜릿,7.0,6.2422855845629615,0.7577144154370385
2025-09-01,8801062640782.0,롯데)크런키더블크런치바36g,캔디/초콜릿,7.0,7.756227828005747,0.7562278280057466
2025-09-01,8801043005814.0,농심)포테토칩오리지날60g(20),과자,4.0,3.2479787191216265,0.7520212808783735
2025-09-01,8801116006830.0,19K)레종프렌치블랙3mg,담배,2.0,2.7466368308837428,0.7466368308837428
2025-09-01,88011707.0,P)말보로레드,담배,7.0,6.254199886555196,0.7458001134448038
2025-09-01,8801117123901.0,마켓오네이처)오그래놀라유산균바35g,캔디/초콜릿,13.0,12.275949980261746,0.7240500197382538
2025-09-01,8809296884675.0,아임이)얼큰e라면봉지,가공식품,8.0,8.711132044209695,0.7111320442096947
2025-09-01,8410707007509.0,후버)복숭아&포도주스200ml(S),유제품,8.0,8.709563218803659,0.7095632188036589
2025-09-01,8801382149743.0,웅진)티즐제로자몽블랙티펫500ml,음료,33.0,32.29310714285714,0.7068928571428614
2025-09-01,8801007611679.0,CJ)햇반철판제육덮밥,가공식품,2.0,2.7010032957693473,0.7010032957693473
2025-09-01,8691216096370.0,하리보)해피콜라향사우어80g,캔디/초콜릿,11.0,11.691124756885626,0.6911247568856265
2025-09-01,8801043036436.0,농심)포스틱84g(20),과자,5.0,4.314275116082943,0.6857248839170573
2025-09-01,8801116013234.0,31K)MIIX아이스더블,담배,52.0,51.32135704938336,0.6786429506166414
2025-09-01,8801062380213.0,롯데)꼬깔콘군옥수수맛67g(12),과자,2.0,2.6754315058154567,0.6754315058154567
2025-09-01,88024134.0,P)테리아오아시스펄,담배,6.0,6.672703941187917,0.6727039411879172
2025-09-01,8801043016070.0,농심)튀김우동큰사발,가공식품,105.0,104.34049350649352,0.659506493506484
2025-09-01,8801043650199.0,농심)카프리썬사파리파우치200ml,음료,7.0,6.342867444570172,0.6571325554298282
2025-09-01,8801116013319.0,12K)에쎄히말라야1mg,담배,40.0,40.64600782550784,0.6460078255078372
2025-09-01,8804973307959.0,마즈)이클립스워터멜론30g,캔디/초콜릿,5.0,4.3582085028278135,0.6417914971721865
2025-09-01,8801045725529.0,오뚜기)컵밥오뚜기카레320g,가공식품,4.0,4.636716611692024,0.636716611692024
2025-09-01,8801062634330.0,롯데)아몬드초코볼46g,캔디/초콜릿,6.0,5.374211105687237,0.6257888943127634
2025-09-01,88022963.0,B)던힐스위치ONE(신),담배,9.0,9.625022873903317,0.6250228739033172
2025-09-01,8801062870585.0,롯데)ABC초콜릿72gR,캔디/초콜릿,5.0,4.382294747169198,0.6177052528308016
2025-09-01,8804973304842.0,마즈)이클립스스트로베리34g,캔디/초콜릿,3.0,3.6048267084783747,0.6048267084783747
2025-09-01,8800244140171.0,아임이)복숭아에이드340ml,음료,6.0,5.40465026949768,0.5953497305023197
2025-09-01,8801382148524.0,웅진)티즐제로유자그린티펫500ml,음료,25.0,24.409548605252894,0.590451394747106
2025-09-01,8809962583437.0,대정)불향가득불고기김밥2편,밥류,51.0,51.588033910533895,0.5880339105338948
2025-09-01,8801097481206.0,동아)데자와밀크티펫500ml,음료,17.0,16.423337949087948,0.5766620509120521
2025-09-01,8809422011081.0,CK)한입쏙초코쿠키80g,빵/디저트,13.0,12.430575514909785,0.5694244850902148
2025-09-01,8801223010485.0,일화)부르르제로사이다캔250ml,음료,27.0,26.436054630235663,0.5639453697643368
2025-09-01,8801117674601.0,오리온)치킨팝닭강정맛65G(16),과자,8.0,8.561252294960576,0.5612522949605765
2025-09-01,8801117352806.0,오리온)아이셔캔디소다맛42g,캔디/초콜릿,5.0,5.551352536631235,0.5513525366312351
2025-09-01,8801382147060.0,웅진)빅토리아청포도펫500ml,음료,10.0,10.551315187590184,0.551315187590184
2025-09-01,8801037088168.0,오레오)화이트크림100g(24),과자,3.0,3.546656243542426,0.5466562435424258
2025-09-01,8801007849126.0,CJ)맥스봉오리지널50g,간편식품,10.0,9.456586565412325,0.5434134345876753
2025-09-01,8801068405460.0,삼립)주종카스타드소보루130g,빵/디저트,26.0,25.45951675051675,0.5404832494832483
2025-09-01,8801045875538.0,오뚜기)컵밥참기름김치볶음밥259g,가공식품,4.0,4.5329374783503456,0.5329374783503456
2025-09-01,8801043036597.0,농심)양파링80g(20),과자,2.0,2.5313154516114382,0.5313154516114382
2025-09-01,88020792.0,J)메비우스LSS1mg(New),담배,10.0,9.46870771330836,0.5312922866916399
2025-09-01,88011721.0,P)말보로미디엄,담배,3.0,3.528357404817447,0.5283574048174469
2025-09-01,8801128503174.0,팔도)도시락86g,가공식품,24.0,24.515962481962475,0.5159624819624753
2025-09-01,88023564.0,P)테리아썸머웨이브,담배,10.0,9.48650940003572,0.51349059996428
2025-09-01,8801097136519.0,동아)나랑드사이다제로그린애플캔245ml,음료,12.0,12.50802755577755,0.5080275557775504
2025-09-01,8808024030735.0,쟈뎅)까페리얼빅복숭아아이스티320ml,음료,15.0,15.507982453030836,0.5079824530308361
2025-09-01,8801116003907.0,K)보헴쿠바나더블,담배,3.0,2.494968777468292,0.505031222531708
2025-09-01,8801117342104.0,오리온)마이구미백도황도66g,캔디/초콜릿,8.0,8.500073613951823,0.5000736139518231
2025-09-01,8801117488901.0,오리온)톡핑헤이즐넛초콜릿43g,캔디/초콜릿,11.0,11.49654252485019,0.4965425248501898
2025-09-01,8801047161608.0,동원)양반쇠고기죽287.5g,가공식품,5.0,4.507323397711053,0.49267660228894705
2025-09-01,8801062475728.0,롯데)딸기미니샌드100g,빵/디저트,21.0,21.489677472644868,0.4896774726448676
2025-09-01,8809962583482.0,대정)치킨마요삼각김밥2편,밥류,100.0,100.47661904761907,0.47661904761906726
2025-09-01,8801094412005.0,코카)토레타펫500ml,음료,30.0,30.47236817422343,0.4723681742234298
2025-09-01,8801019314742.0,해태)사브레84g,과자,4.0,3.536515866733906,0.46348413326609395
2025-09-01,8801043056489.0,농심)신라면건면사발면,가공식품,48.0,47.540890654666974,0.45910934533302594
2025-09-01,8801155834616.0,동원)덴마크인포켓치즈오리지날20g,유제품,13.0,12.550581751581749,0.44941824841825095
2025-09-01,8801007966724.0,CJ)닭가슴살직화통살페퍼100g,간편식품,7.0,6.554761460761459,0.44523853923854073
2025-09-01,8801062870462.0,롯데)빠다코코낫100gR(30),과자,3.0,3.4426349912591676,0.4426349912591676
2025-09-01,8809304350550.0,라이터)메탈풀캡제트터보라이터,생활잡화,7.0,7.439801645473311,0.43980164547331135
2025-09-01,8801117282301.0,오리온)예감치즈그라탕64g(20),과자,4.0,3.5614580385046524,0.43854196149534763
2025-09-01,8801111930055.0,크라운)키커바녹차30g,캔디/초콜릿,27.0,26.563781212748605,0.43621878725139496
2025-09-01,8801019306495.0,해태)초코홈런볼46g,과자,3.0,2.567010971408277,0.43298902859172284
2025-09-01,8809189925140.0,아임이)통감자갈릭바게트맛110g(8),과자,3.0,3.4290625622204005,0.4290625622204005
2025-09-01,88023021.0,P)테리아그린,담배,2.0,2.4253328726828083,0.4253328726828083
2025-09-01,8801097150034.0,동아)포카리스웨트펫1.5L,음료,2.0,2.4246696836820725,0.4246696836820725
2025-09-01,8801094347208.0,코카)환타제로오렌지캔350ml,음료,4.0,4.421054688948545,0.42105468894854514
2025-09-01,8801045572666.0,오뚜기)스낵면소컵,가공식품,26.0,25.586681557931566,0.4133184420684337
2025-09-01,8801117339302.0,오리온)왕꿈틀이67g,캔디/초콜릿,4.0,3.5885805086296614,0.4114194913703386
2025-09-01,8801155735135.0,동원)덴마크테이크얼라이브블러드오렌지250ml,유제품,7.0,7.4090825087261125,0.4090825087261125
2025-09-01,8801116003921.0,K)보헴쿠바나샷1mg,담배,7.0,6.612516180048209,0.3874838199517914
2025-09-01,8801115382096.0,동서)스타벅스바닐라라떼200ml,유제품,7.0,7.384211853536866,0.3842118535368657
2025-09-01,80177609.0,매일)킨더초콜렛T4,캔디/초콜릿,22.0,22.379309218559225,0.37930921855922506
2025-09-01,8801115212713.0,서울)비요뜨초코링138g,유제품,13.0,12.623330086580088,0.37666991341991185
2025-09-01,8801056178925.0,롯데)핫식스더킹러쉬캔355ml,음료,139.0,139.36028679653677,0.3602867965367693
2025-09-01,8801117694906.0,오리온)꼬북칩초코츄러스맛80g(12),과자,3.0,3.3574037332721054,0.3574037332721054
2025-09-01,8801128900201.0,팔도)비락식혜캔238ml,음료,8.0,7.644069182299711,0.35593081770028867
2025-09-01,8801062318551.0,롯데)자일리톨빅팩F,캔디/초콜릿,22.0,22.353738048988053,0.3537380489880526
2025-09-01,8801117369408.0,오리온)닥터유Pro단백질딸기250ml,유제품,8.0,7.651893813066197,0.34810618693380313
2025-09-01,8801045004280.0,오뚜기)고기버블만두168g,간편식품,7.0,6.666338845193789,0.3336611548062107
2025-09-01,8801111187992.0,크라운)새콤달콤딸기,캔디/초콜릿,5.0,4.671493809429259,0.3285061905707414
2025-09-01,8801068405651.0,삼립)초당옥수수크림빵100g,빵/디저트,5.0,4.686102877623365,0.3138971223766349
2025-09-01,8801550004867.0,아임이)허니얼그레이티원컵(D),커피차/건강,4.0,3.6872261955268324,0.3127738044731676
2025-09-01,8850338019036.0,호올스XS)후르츠믹스15g,캔디/초콜릿,4.0,3.690033390798846,0.30996660920115415
2025-09-01,8801043036313.0,농심)벌집핏자90g(20),과자,2.0,2.3075897116813255,0.30758971168132554
2025-09-01,8850389100684.0,쥬맥스)모구모구리치펫320ml,음료,11.0,11.306916333666337,0.3069163336663365
2025-09-01,8801117765903.0,오리온)도도한나쵸치즈1500(12),과자,4.0,4.306307591919671,0.30630759191967094
2025-09-01,8801062335633.0,롯데)밀크카라멜50g,캔디/초콜릿,9.0,9.29852829104919,0.2985282910491893
2025-09-01,8801045525204.0,오뚜기)참깨라면봉지,가공식품,2.0,2.296245429343721,0.2962454293437209
2025-09-01,8809962580788.0,대정)뉴참치마요삼각김밥,밥류,16.0,16.292275611563124,0.29227561156312376
2025-09-01,8801007894812.0,CJ)햇반빅스팸마요덮밥,가공식품,2.0,2.285878989065274,0.285878989065274
2025-09-01,8801104306591.0,빙그레)사이즈업바닐라라떼350ml,유제품,9.0,9.278486049768944,0.27848604976894364
2025-09-01,8801111922708.0,크라운)밤양갱50g,캔디/초콜릿,20.0,20.27361248011248,0.2736124801124795
2025-09-01,8801073210967.0,삼양)치즈불닭볶음면큰컵,가공식품,22.0,22.263146981396982,0.2631469813969822
2025-09-01,8801121771396.0,매일)바리스타쇼콜라모카325ml,유제품,11.0,11.252563666989845,0.252563666989845
2025-09-01,8809809700652.0,웰그린)스위츠복숭아녹차제로펫500ml,음료,22.0,22.252236291486298,0.2522362914862981
2025-09-01,8801062874125.0,롯데)크런키초코바30g,캔디/초콜릿,9.0,9.251618530880371,0.25161853088037134
2025-09-01,8801045146980.0,오뚜기)진라면볶음밥컵230g,간편식품,3.0,2.7508749090973783,0.2491250909026217
2025-09-01,8801045750743.0,오뚜기)바삭한빅핫도그120g,간편식품,6.0,6.247345272764331,0.24734527276433127
2025-09-01,8801019307089.0,해태)크림맛웨하스50g(40),과자,2.0,2.2458580327347257,0.24585803273472573
2025-09-01,8801068400786.0,삼립)허쉬초코샌드95g,빵/디저트,22.0,22.238670979138377,0.23867097913837654
2025-09-01,8809787260032.0,에이스)마이짱자두맛22g,캔디/초콜릿,6.0,6.238449547644913,0.23844954764491266
2025-09-01,8809650799195.0,대정)참치김치삼각김밥,밥류,16.0,16.2333446813822,0.23334468138219933
2025-09-01,8801069419619.0,남양)테이크핏호박고구마250ml,유제품,6.0,6.23099034939211,0.23099034939211016
2025-09-01,8801116012435.0,32K)MIIX믹스,담배,34.0,34.22324256686466,0.2232425668646627
2025-09-01,8801117108908.0,오리온)미쯔42g,과자,21.0,20.781756826506825,0.21824317349317468
2025-09-01,8809720820309.0,에이스)미니뻥튀기오리지널42g(20),과자,4.0,4.21594549322327,0.21594549322326984
2025-09-01,8801094263218.0,코카)환타제로파인캔350ml,음료,8.0,7.789057729855981,0.21094227014401934
2025-09-01,8800244140195.0,아임이)블루레몬에이드340ml,음료,5.0,5.205128099255973,0.20512809925597342
2025-09-01,8850338019043.0,호올스XS)레몬민트15g,캔디/초콜릿,5.0,4.811603967351676,0.18839603264832405
2025-09-01,8801117276201.0,오리온)촉촉한초코칩160g,과자,3.0,2.815915239135899,0.18408476086410097
2025-09-01,4001686301555.0,하리보)골드베어100g,캔디/초콜릿,4.0,4.180628288427072,0.18062828842707201
2025-09-01,8801007009377.0,CJ)가쓰오우동한그릇용기면222.5g,간편식품,7.0,6.82875038705634,0.1712496129436598
2025-09-01,8801007566412.0,CJ)햇반중화마파덮밥,가공식품,3.0,3.1694823005325996,0.1694823005325996
2025-09-01,8801117783303.0,오리온)도도한나쵸사워크림어니언1500(12),과자,4.0,3.8309447409149175,0.16905525908508245
2025-09-01,88020747.0,J)메비우스스카이블루,담배,19.0,19.166714729752687,0.16671472975268742
2025-09-01,8801117366803.0,오리온)닥터유Pro단백질바나나250ml,유제품,6.0,6.161894321408953,0.161894321408953
2025-09-01,8850338019715.0,호올스XS)멘토립토스15g,캔디/초콜릿,8.0,7.840370816687709,0.15962918331229137
2025-09-01,8809388463924.0,이디야)토피넛시그니처라떼300ml,유제품,7.0,7.152173782841436,0.15217378284143557
2025-09-01,8801007423180.0,CJ)햇반강된장보리비빔밥,가공식품,3.0,3.1488484896954065,0.14884848969540654
2025-09-01,8806016310018.0,동화)부채표까스활병75ml,음료,19.0,18.85701196628522,0.1429880337147793
2025-09-01,8801007928906.0,CJ)비비고육즙불고기찐만두168g,간편식품,3.0,3.137288197405502,0.13728819740550202
2025-09-01,8800244140096.0,아임이)벤티아메리카노블랙500ml,음료,3.0,3.129491080925839,0.12949108092583916
2025-09-01,8801121040416.0,매일)바리스타돌체라떼325ml,유제품,8.0,8.124906513723964,0.124906513723964
2025-09-01,8801123725694.0,롯데)의성마늘프랑크빅핫도그140g,간편식품,3.0,3.121749403027207,0.12174940302720705
2025-09-01,8801043016025.0,농심)육개장큰사발,가공식품,29.0,28.87846484071485,0.12153515928514835
2025-09-01,8801062323159.0,롯데)후라보노오리지날26g,캔디/초콜릿,14.0,13.878836131717689,0.12116386828231107
2025-09-01,8801117762308.0,오리온)오감자찍먹양념바베큐75g(12),과자,4.0,3.8850565892140994,0.11494341078590065
2025-09-01,8801056234065.0,롯데)핫식스제로캔250ml,음료,21.0,21.114242424242438,0.11424242424243758
2025-09-01,8801037077698.0,동서)스타벅스돌체병281ml,음료,3.0,2.8868707658366755,0.11312923416332454
2025-09-01,8801115114031.0,서울)흰우유200ml,유제품,34.0,33.89435681080787,0.10564318919212923
2025-09-01,3178530407938.0,생미쉘)초코칩마들렝175g,과자,6.0,5.895211580109479,0.10478841989052068
2025-09-01,8801062320837.0,롯데)왓따껌복숭아맛23g,캔디/초콜릿,8.0,7.901340377547564,0.09865962245243587
2025-09-01,8801094502669.0,코카)조지아블랙펫470ml,음료,11.0,11.086084363332777,0.0860843633327768
2025-09-01,8801094602703.0,코카)파워에이드스칼렛스톰펫600ml,음료,39.0,39.08550252525253,0.08550252525252944
2025-09-01,8801116007257.0,05K)에쎄체인지업1mg,담배,3.0,2.928355965051941,0.07164403494805915
2025-09-01,8410707007479.0,후버)사과주스200ml(S),유제품,10.0,9.930501932716009,0.0694980672839911
2025-09-01,9300682051507.0,마즈)엠앤엠즈블록밀크46g,캔디/초콜릿,10.0,10.067121224948457,0.06712122494845651
2025-09-01,8804973304835.0,마즈)이클립스피치34g,캔디/초콜릿,16.0,16.065066848104365,0.06506684810436525
2025-09-01,8801105911312.0,코카)코코팜포도캔340ml,음료,4.0,4.06016400228291,0.06016400228291019
2025-09-01,8801007353395.0,CJ)햇반스팸김치볶음밥컵220g,간편식품,7.0,6.943692358450323,0.05630764154967682
2025-09-01,8809403539092.0,인테이크)슈가로로코코제로포도펫340ml,음료,12.0,11.94530064872404,0.054699351275960595
2025-09-01,8804973306198.0,마즈)몰티져스다크37g,캔디/초콜릿,5.0,4.94696149955499,0.053038500445009795
2025-09-01,8801068406832.0,삼립)신선가득꿀호떡200g,빵/디저트,23.0,22.94733582033582,0.052664179664180466
2025-09-01,8801062016679.0,롯데)왓따청포도샤인머스켓23g,캔디/초콜릿,5.0,4.951133255820917,0.0488667441790831
2025-09-01,8806379998212.0,미용)무팁머리끈검정5P,생활잡화,5.0,5.0439721417909515,0.04397214179095155
2025-09-01,8801073210776.0,삼양)불닭볶음면소컵,가공식품,52.0,51.96164786967418,0.03835213032581919
2025-09-01,8801019606540.0,해태)허니버터칩(16),과자,3.0,2.9722034415672844,0.027796558432715557
2025-09-01,8801062381814.0,롯데)도리토스나쵸치즈84g(12),과자,4.0,3.974610510741252,0.025389489258747844
2025-09-01,8801056154011.0,롯데)밀키스캔250ml,음료,9.0,8.981165390165392,0.01883460983460772
2025-09-01,88022147.0,J)메비우스LBS믹스그린1mg,담배,4.0,3.982146699809288,0.017853300190711963
2025-09-01,8801117780203.0,오리온)무뚝뚝감자칩60g(12),과자,9.0,8.986353277311556,0.013646722688443802
2025-09-01,8801007820392.0,CJ)햇반김치날치알밥컵밥,가공식품,2.0,1.9867422779573298,0.013257722042670173
2025-09-01,8809027550114.0,아임이)더블치즈팝콘75g(10),과자,3.0,2.9870755888806406,0.01292441111935938
2025-09-01,8801753111966.0,연세)플레인요거트300ml,유제품,19.0,19.011555691078954,0.0115556910789536
2025-09-01,1500000200572.0,CJ)햇반미역국밥,가공식품,4.0,4.004788573495161,0.0047885734951611525
2025-09-01,8801062628476.0,롯데)크런키34g,캔디/초콜릿,10.0,10.000759432834185,0.0007594328341848922
