base_date,predict_date,plu_code,product_name,product_category,predicted_sales_qty
2024-04-24,2024-04-25,8809962581808.0,대정)오삼불고기김밥2편,밥류,3.8582370022488455
2024-05-02,2024-05-03,8809650797733.0,대정)스팸&김치볶음김밥,밥류,1.0181562056175022
2024-05-03,2024-05-04,8809650795951.0,대정)서울시스터즈_햄에그김치김밥2편(종료),밥류,8.813889762149042
2024-05-07,2024-05-08,8809650795944.0,대정)서울시스터즈_햄에그김치김밥(종료),밥류,1.0220322011700533
2024-05-08,2024-05-09,8809962581075.0,대정)매콤한치킨마요삼각김밥2편,밥류,4.183946660672107
2024-05-09,2024-05-10,8809650797740.0,대정)스팸&김치볶음김밥2편,밥류,2.8445956835096977
2024-05-13,2024-05-14,8809722900368.0,팡마니)더블햄X2치즈샌드위치2편(중단),조리빵,1.024443926870296
2024-05-20,2024-05-21,8809293682465.0,맛있다)곤약젤리사과130g(10),간편식품,1.443241642387318
2024-05-20,2024-05-21,8809650798297.0,대정)팔도비빔장불고기김밥2편,밥류,4.7184859961169385
2024-05-22,2024-05-23,6291003632815.0,콴타)브레이크4핑거25g,캔디/초콜릿,2.1400271732179026
2024-05-23,2024-05-24,8809962580030.0,대정)스팸에그김치볶음주먹밥2편,밥류,2.5900235407987555
2024-05-30,2024-05-31,8809962580115.0,대정)매콤닭갈비&돈까스도시락2편(중단),밥류,1.0
2024-06-03,2024-06-04,8806075870362.0,자주)담백한맛미니뻥튀기45g(15),과자,1.132316266237858
2024-06-03,2024-06-04,8809650795555.0,대정)뉴트로치킨마요덮밥2편,밥류,1.014967150708387
2024-06-04,2024-06-05,8809565381782.0,그린)트리플샌드위치2편,조리빵,1.0652296736266955
2024-06-05,2024-06-06,8809565381690.0,그린)콰트로믹스샌드위치2편(중단),조리빵,1.0556489211313116
2024-06-10,2024-06-11,8809650791335.0,대정)반반고기정찬2편(중단),밥류,1.029783993597675
2024-06-11,2024-06-12,8809650794022.0,대정)고기고기고기도시락2편(중단),밥류,1.0152637734512462
2024-06-12,2024-06-13,8801104307185.0,빙그레)딸기타임500ml,유제품,1.696885501231296
2024-06-17,2024-06-18,8801068921816.0,삼립)양념치킨닭가슴살버거2편,조리빵,1.1450183055955534
2024-06-18,2024-06-19,8801068386868.0,삼립)허쉬초코롤85g,빵/디저트,1.571854448116574
2024-06-18,2024-06-19,8801068922844.0,삼립)근본H.E.L.T샌드위치2편,조리빵,1.0597540721291299
2024-06-18,2024-06-19,8801104671019.0,빙그레)레몬아이스티300ml,유제품,1.2784545474907367
2024-06-18,2024-06-19,8809565381676.0,그린)지금인기인가요샌드위치2편(중단),조리빵,1.0533773455879514
2024-06-18,2024-06-19,8809565381805.0,그린)에그불고기버거2편,조리빵,1.0483887105479446
2024-06-19,2024-06-20,8801068408614.0,삼립)스테이크에그디럭스버거(중단),조리빵,1.0772119005370997
2024-06-19,2024-06-20,8801068917390.0,삼립)빅더블치즈버거(중단),조리빵,1.0552759718024667
2024-06-19,2024-06-20,8801068918762.0,삼립)한돈갈릭크림치즈버거2편,조리빵,1.0554972763552894
2024-06-19,2024-06-20,8809565381874.0,그린)돈까스버거2편,조리빵,1.0464242793589087
2024-06-19,2024-06-20,8809650797870.0,대정)치즈불고기버거2편(중단),조리빵,1.035955147110595
2024-06-19,2024-06-20,8809650798129.0,대정)더블치즈불고기버거2편,조리빵,1.0355499528733856
2024-06-19,2024-06-20,8809650799409.0,대정)빅불고기버거2편,조리빵,1.0366400305612793
2024-06-19,2024-06-20,8809650799423.0,대정)빅더블불고기바베큐맛버거2편,조리빵,1.0370039124411046
2024-06-19,2024-06-20,8809962580979.0,대정)바싹불고기김밥2편,밥류,1.9367087251682502
2024-06-19,2024-06-20,8809962581464.0,대정)더빅소불고기삼각김밥,밥류,1.0558636551012386
2024-06-19,2024-06-20,8809962581471.0,대정)더빅소불고기삼각김밥2편,밥류,1.8221904672288352
2024-06-19,2024-06-20,8809962581730.0,대정)더빅매운갈비찜삼각,밥류,1.0569086606752738
2024-06-19,2024-06-20,8809962581747.0,대정)더빅매운갈비찜삼각2편,밥류,1.9043635888771764
2024-06-20,2024-06-21,8801068913781.0,삼립)상하이스파이시버거(중단),조리빵,1.0447670300713328
2024-06-21,2024-06-22,8809650798013.0,대정)더블숯불갈비맛&김치제육삼각,밥류,1.0313358916470072
2024-06-21,2024-06-22,8809650799577.0,대정)불고기전주비빔김밥,밥류,1.0284451353444863
2024-06-21,2024-06-22,8809909950544.0,탭스)한입쏙간식세트2편,밥류,1.030594399213039
2024-06-25,2024-06-26,8809038475925.0,선진)회오리소시지바100g,간편식품,1.4858194805545
2024-06-28,2024-06-29,8801104944694.0,빙그레)투게더맛우유240ml,유제품,1.2421160806103115
2024-07-01,2024-07-02,8801043072038.0,농심)먹태깡큰사발청양마요맛(큰컵),가공식품,1.2903804864428663
2024-07-04,2024-07-05,8801068914894.0,삼립)빅듀얼햄치킨버거2편,조리빵,1.0760608250483445
2024-07-08,2024-07-09,8801123311057.0,롯데)의성마늘프랑크매콤땡초65g,간편식품,2.572447231345811
2024-07-08,2024-07-09,8809650798198.0,대정)매콤한돈까스삼각2편,밥류,1.229256616432863
2024-07-08,2024-07-09,8809962581990.0,대정)CJ_스팸김치사각김밥2편,밥류,1.2198888231188239
2024-07-11,2024-07-12,8801115334439.0,서울)올데이프룻키위250ml,유제품,1.4664141124039367
2024-07-17,2024-07-18,8801068921274.0,삼립)포켓몬뮤바닐라케익80g,빵/디저트,1.0427094589977175
2024-07-22,2024-07-23,8801068923308.0,삼립)포켓몬뮤츠의최종보스밀크롤80g,빵/디저트,1.0544942997499465
2024-07-24,2024-07-25,8801068923315.0,삼립)포켓몬망나뇽의고소한앙버터100g,빵/디저트,1.04797495560802
2024-07-29,2024-07-30,8801068921175.0,삼립)포켓몬치코리타사과데니쉬100g,빵/디저트,1.035674403191242
2024-08-07,2024-08-08,8801068921335.0,삼립)포켓몬팬텀더블초코팡팡80g,빵/디저트,3.0549776621706517
2024-08-09,2024-08-10,8801069416458.0,남양)아몬드데이언스위트190ml,유제품,1.4620998070902227
2024-08-22,2024-08-23,8801062883431.0,롯데)크런키카카오쿠키볼58g,캔디/초콜릿,1.2355692408119376
2024-08-26,2024-08-27,8801001238049.0,하이트)블랙보리펫520ml,음료,1.7751524092729536
2024-08-28,2024-08-29,8801069416441.0,남양)아몬드데이오리지널190ml,유제품,2.559832162874703
2024-09-01,2024-09-02,8809041429649.0,OKF)워터멜론펫500ml,음료,3.5056475869894195
2024-09-03,2024-09-04,8801121103562.0,매일)카페라떼카라멜마끼아또220ml,유제품,1.2599754728134243
2024-09-03,2024-09-04,8801382148449.0,웅진)옥수수수염차펫500ml,음료,2.7115292327697684
2024-09-03,2024-09-04,8801382151067.0,웅진)자연은레몬셔벗에이드제로펫500ml,음료,3.0536110879924676
2024-09-04,2024-09-05,8801056236007.0,롯데)칠성사이다제로블루라임500ml,음료,2.0222037998476186
2024-09-05,2024-09-06,40111896.0,마즈)트윅스픽앤믹스10g(구),캔디/초콜릿,2.3088817711836755
2024-09-05,2024-09-06,8801104671002.0,빙그레)복숭아아이스티300ml,유제품,2.059168952787064
2024-09-05,2024-09-06,8801117352202.0,오리온)사워꿈틀이67g,캔디/초콜릿,1.4226594613333887
2024-09-05,2024-09-06,8801382151074.0,웅진)자연은애플셔벗에이드제로펫500ml,음료,1.4892364487711376
2024-09-09,2024-09-10,8801097136618.0,동아)나랑드사이다제로파인캔245ml,음료,1.562462666524848
2024-09-09,2024-09-10,8809783230367.0,몬스)메탈커버토치라이터,생활잡화,2.034775825026204
2024-09-10,2024-09-11,8804645006104.0,맥널티)복숭아아이스티제로500ml,음료,3.3634571306471304
2024-09-11,2024-09-12,8801068397956.0,삼립)콰트로치즈브레드90g,빵/디저트,1.8883696547693203
2024-09-11,2024-09-12,8809695252242.0,팔도)틈새고기짬뽕큰컵,가공식품,1.3793871162118834
2024-09-12,2024-09-13,8801068912890.0,삼립)NEW초코보름달75g,빵/디저트,1.5417482650791927
2024-09-12,2024-09-13,8809650798099.0,대정)더블스팸김치볶음&햄참치마요삼각,밥류,1.4270097202597651
2024-09-13,2024-09-14,8801115334095.0,서울)올데이프룻오렌지250ml,유제품,1.8935238409624058
2024-09-19,2024-09-20,8801094203009.0,코카)스프라이트캔250ml,음료,1.5854664283001427
2024-09-24,2024-09-25,8801043072687.0,농심)푸팟퐁구리큰사발(큰컵),가공식품,1.9985264597093746
2024-09-24,2024-09-25,8801068922561.0,삼립)정통크림미니샌드80g,빵/디저트,2.10248540499895
2024-09-24,2024-09-25,8805684005103.0,MDS)젤리블리샤인머스켓60g,간편식품,2.1370310960796157
2024-09-26,2024-09-27,8801043072649.0,농심)김치짜구리큰사발(큰컵),가공식품,3.9680761364404527
2024-09-26,2024-09-27,8801115334101.0,서울)올데이프룻자두250ml,유제품,2.6643309056082516
2024-09-30,2024-10-01,8801056241988.0,롯데)밀키스딸기바나나340ml,음료,21.124890664890668
2024-09-30,2024-10-01,8801068916829.0,삼립)햄포테이토샐러드샌드위치2편,조리빵,11.235273809523807
2024-09-30,2024-10-01,8808024028831.0,쟈뎅)아워티레몬얼그레이500ml(NEW),음료,9.851873015873018
2024-10-01,2024-10-02,8801043064118.0,농심)웰치오렌지제로캔355ml,음료,4.169005722055722
2024-10-01,2024-10-02,8801045570068.0,오뚜기)진라면순한맛소컵,가공식품,12.35204309100861
2024-10-01,2024-10-02,8801056238575.0,롯데)칠성사이다제로그린플럼355ml,음료,8.610253904592138
2024-10-01,2024-10-02,8801069174020.0,남양)17차펫500ml,음료,16.654591575091573
2024-10-01,2024-10-02,8801105916485.0,코카)봉봉알로에큐브복숭아펫500ml,음료,7.618873105194529
2024-10-01,2024-10-02,8804645006098.0,맥널티)자몽아이스티제로500ml,음료,2.3633324455872518
2024-10-01,2024-10-02,8808024028824.0,쟈뎅)아워티오렌지자몽블랙500ml(NEW),음료,8.504325319984455
2024-10-01,2024-10-02,8809256677033.0,미성)오트밀미니바이트40g,과자,3.5504015070215105
2024-10-01,2024-10-02,8809650795142.0,대정)더빅매콤제육삼각김밥,밥류,2.145172432558026
2024-10-01,2024-10-02,93682350.0,마즈)트윅스(구),캔디/초콜릿,17.99628907203907
2024-11-01,2024-11-02,1500000152239.0,대정)다찬도시락(조선대특판용)(중단),밥류,97.55125122100122
2024-11-01,2024-11-02,1500000152260.0,대정)푸짐한제육&불고기도시락(조선대특판용),밥류,87.97266391941392
2024-11-01,2024-11-02,1500000166045.0,대정)통등심돈까스&쏘야도시락(조선대특판용),밥류,89.44514010989009
2024-11-01,2024-11-02,8801074008044.0,한성)바베큐직화구이70g,간편식품,14.698357142857148
2024-11-01,2024-11-02,8801117343705.0,오리온)마이구미청포도66g,캔디/초콜릿,3.3466568619768013
2024-11-01,2024-11-02,8801123727742.0,롯데)쉐푸드쫄깃롤만두180g,간편식품,4.126132662798905
2024-11-01,2024-11-02,8809650797634.0,대정)더빅베이컨참치마요삼각,밥류,3.176907604727112
2024-11-01,2024-11-02,8809722900009.0,팡마니)햄치즈샌드위치2편(중단),조리빵,9.362440131547652
2024-11-01,2024-11-02,8809827250146.0,허쉬)초코멜로쿠키45g,과자,4.8624647523480755
2024-11-01,2024-11-02,8809846900886.0,매일)셀렉스프로핏모카초코250ml,유제품,5.346629063639784
2024-11-01,2024-11-02,8809962581785.0,대정)힘내용김밥2편,밥류,40.965295815295825
2024-12-01,2024-12-02,4807770192326.0,에이스)키드오버터맛90g,과자,3.0890027238532975
2024-12-01,2024-12-02,8801056242725.0,롯데)펩시콜라제로파인355ml,음료,3.239662302631172
2024-12-01,2024-12-02,8801111187930.0,크라운)마이쮸복숭아44g,캔디/초콜릿,1.983788099778029
2024-12-01,2024-12-02,8801115381518.0,동서)스타벅스카페라떼270ml,유제품,1.74387826985972
2024-12-01,2024-12-02,8801121107942.0,매일)바리스타모카프레소컵250ml,유제품,3.3491302977812842
2024-12-01,2024-12-02,8809605750042.0,레트로)자야30g,과자,3.2581402001966264
2024-12-01,2024-12-02,8809650797801.0,대정)더빅통햄참치마요삼각,밥류,4.114453029825545
2024-12-01,2024-12-02,9002975319003.0,하리보)해피그레이프100g,캔디/초콜릿,3.4010780004478285
2025-01-01,2025-01-02,6921211116660.0,츄파춥스)사워크롤러60g,캔디/초콜릿,4.683300671550672
2025-01-01,2025-01-02,8801068374803.0,삼립)불고기치즈부리또(2편),간편식품,8.750209595959596
2025-01-01,2025-01-02,8801104667029.0,빙그레)스페셜티탄자니아460ml,유제품,5.719596339333183
2025-01-01,2025-01-02,8801104667043.0,빙그레)스페셜티예가체프460ml,유제품,4.3221015512265515
2025-01-01,2025-01-02,8801117482503.0,오리온)단백질볼48g(D),캔디/초콜릿,5.495474525474521
2025-01-01,2025-01-02,8809019594058.0,롯데)슈크림패스츄리105g,빵/디저트,2.405433835170677
2025-01-01,2025-01-02,8809171363509.0,죠스)오리지널어묵떡볶이240g,간편식품,2.5493396793265206
2025-01-01,2025-01-02,8809650795159.0,대정)더빅매콤제육삼각김밥2편,밥류,7.5539587634587635
2025-01-01,2025-01-02,8809650798310.0,대정)명란마요삼각2편,밥류,11.230056998556996
2025-01-01,2025-01-02,9300682053761.0,마즈)엠앤엠즈블록크리스피44g,캔디/초콜릿,3.7426839826839813
2025-01-01,2025-01-02,9556001284358.0,네슬레)킷캣청키프룻비스킷38g,캔디/초콜릿,4.83514973914974
2025-02-01,2025-02-02,8801094253103.0,코카)암바사캔345ml,음료,11.696588744588748
2025-02-01,2025-02-02,8801105916706.0,해태)봉봉복숭아제로아이스티500ml,음료,6.308943001443002
2025-02-01,2025-02-02,8801116034192.0,K)에쎄체인지쿨립스1mg,담배,4.698106442577031
2025-02-01,2025-02-02,8801123311064.0,롯데)의성마늘닭가슴살프랑크65g,간편식품,32.49918470418471
2025-02-01,2025-02-02,8801382148951.0,아임이)신선함을그대로복숭아500ml,음료,6.676351010101012
2025-02-01,2025-02-02,8809605750578.0,레트로)돌아온꺼벙이48g,과자,3.2706666666666666
2025-03-01,2025-03-02,8800244140379.0,아임이)온숲제로샤인머스캣에이드340ml,음료,6.678151626151625
2025-03-01,2025-03-02,8801007618807.0,CJ)맥스봉구운마늘후랑크80g,간편식품,32.05221753246754
2025-03-01,2025-03-02,8801045067896.0,오뚜기)컵누들로제맛소컵,가공식품,6.241134920634921
2025-03-01,2025-03-02,8801068408607.0,삼립)스테이크에그디럭스버거2편(중단),조리빵,7.363324314574315
2025-03-01,2025-03-02,8801068913712.0,삼립)뉴빅케이준치킨햄샌드위치2편(중단),조리빵,33.25082142857143
2025-03-01,2025-03-02,8801068917383.0,삼립)빅더블치즈버거2편(중단),조리빵,24.255482197541017
2025-03-01,2025-03-02,8801073211032.0,삼양)불닭볶음탕면큰컵,가공식품,14.385623015873014
2025-03-01,2025-03-02,8801074008051.0,한성)고추장직화구이핫바70g,간편식품,27.23004337021002
2025-03-01,2025-03-02,8801097280014.0,동아)오로나민C병120ml,음료,6.966769119769118
2025-03-01,2025-03-02,8801105916713.0,해태)봉봉자몽제로아이스티500ml,음료,11.483040043290043
2025-03-01,2025-03-02,8801121106792.0,매일)바리스타에스프레소라떼컵250ml,유제품,7.923679735139412
2025-03-01,2025-03-02,8801121755679.0,매일)바리스타카라멜딥프레소컵250ml,유제품,3.0998784271284268
2025-03-01,2025-03-02,8801121761823.0,매일)바리스타로어슈거에스프레소컵250ml,유제품,3.798001082251083
2025-03-01,2025-03-02,8801155741877.0,덴마크)드링킹요구르트복숭아275ml,유제품,5.42400190643217
2025-03-01,2025-03-02,8805684003680.0,MDS)젤리블리애플망고60g,간편식품,4.549611832611832
2025-03-01,2025-03-02,8809813750346.0,더본)백종원의빽쿡고기짬뽕(큰컵),가공식품,11.075920551670547
2025-03-01,2025-03-02,8809962582348.0,대정)빅햄볶음김치김밥2편,밥류,8.180515873015871
2025-04-01,2025-04-02,8801094062675.0,코카)콜라제로레몬펫500ml,음료,3.278584053370982
2025-04-01,2025-04-02,8801111907934.0,크라운)새콤달콤레몬,캔디/초콜릿,1.214248015873016
2025-04-01,2025-04-02,8801155741822.0,덴마크)드링킹요구르트딸기275ml,유제품,2.4536993043643993
2025-04-01,2025-04-02,8801155741846.0,덴마크)드링킹요구르트베리믹스275ml,유제품,2.1848479910063205
2025-05-07,2025-05-08,8801111185066.0,크라운)못말리는신짱120g(16),과자,1.3442139192504865
2025-05-07,2025-05-08,8809695252976.0,편슐랭)레알라면큰컵,가공식품,2.1795885193915288
2025-05-09,2025-05-10,8801074254052.0,한성)배즙숙성숯불구이맛후랑크바,간편식품,3.1308092061122363
2025-05-12,2025-05-13,8809650793346.0,대정)빅통살치킨버거2편,조리빵,1.3266874099156296
2025-05-15,2025-05-16,4897036692424.0,코카)몬스터에너지파이프라인펀치캔355ml,음료,2.0167310609533757
2025-05-15,2025-05-16,8800244140119.0,아임이)아메리카노스위트340ml,음료,1.3804048672778542
2025-05-20,2025-05-21,8801056038861.0,롯데)핫식스캔250ml,음료,1.7399571122834936
2025-05-20,2025-05-21,8801104307192.0,빙그레)초코타임500ml,유제품,1.8942978006886684
2025-05-20,2025-05-21,8809650793124.0,대정)통스팸마요&김치반반김밥,밥류,1.055888745999557
2025-05-21,2025-05-22,8801007065946.0,CJ)얼큰우동한그릇용기면221g,간편식품,1.6991834351695343
2025-05-28,2025-05-29,8801043066556.0,농심)멸치칼국수큰사발,가공식품,1.858401203542705
2025-05-28,2025-05-29,8808024030759.0,쟈뎅)까페리얼빅블루레몬에이드320ml,음료,1.5485819131100158
2025-05-28,2025-05-29,8809650799881.0,대정)돈까스&김치볶음김밥,밥류,1.5911569282126812
2025-05-29,2025-05-30,9557062361354.0,아임이)자색고구마칩110g(S),과자,5.162734429313377
2025-05-30,2025-05-31,8806002023205.0,광동)썬키스트레몬에이드펫500ml,음료,6.226718253968254
2025-06-01,2025-06-02,8801077285800.0,진주햄)천하장사50g,간편식품,3.36758694359496
2025-06-01,2025-06-02,8801094202606.0,코카)스프라이트펫500ml,음료,2.4404216152119043
2025-06-01,2025-06-02,8801117286705.0,오리온)스윙칩갈릭디핑소스맛60g(12),과자,2.084296228678659
2025-06-01,2025-06-02,8802567012555.0,일회용)종이컵180ml*50입,생활잡화,1.709860358935735
2025-06-01,2025-06-02,8809650793599.0,대정)숯불맛소불고기김밥,밥류,1.5783862623835572
2025-06-01,2025-06-02,8809720820408.0,에이스)추억의도나스70g,빵/디저트,3.4842775449609418
2025-06-16,2025-06-17,8801043006538.0,농심)누들핏김치사발면맛(소컵),가공식품,2.414609828647016
2025-06-17,2025-06-18,8801128503488.0,팔도)짬뽕왕뚜껑,가공식품,1.8508427951049813
2025-06-17,2025-06-18,8805684006988.0,MDS)젤리블리납작복숭아60g,간편식품,1.7560913469161787
2025-06-17,2025-06-18,8809962581839.0,대정)고소한참치마요김밥,밥류,2.306849531328885
2025-06-18,2025-06-19,7622210206442.0,밀카)초코그레인42g,과자,1.3208061116414607
2025-06-18,2025-06-19,8801068402278.0,포켓몬)고오스초코케익80g,빵/디저트,3.7436459457536957
2025-06-19,2025-06-20,8806002023991.0,광동)비타500제로스파클링병150ml,음료,1.5883982949393691
2025-06-20,2025-06-21,8809650794008.0,대정)베이컨참치마요김밥,밥류,1.2039785952423545
2025-06-22,2025-06-23,8804348200328.0,아임이)다회용스푼10입,생활잡화,1.826791442604194
2025-06-23,2025-06-24,4001686381328.0,하리보)자몽100g,캔디/초콜릿,2.1554618182607226
2025-06-23,2025-06-24,8801007880440.0,CJ)닭가슴살통살100g,간편식품,2.0834729492728328
2025-06-26,2025-06-27,8801043006460.0,농심)누들핏육개장사발면맛(소컵),가공식품,3.764686305905249
2025-06-30,2025-07-01,88006604.0,K)디스플러스,담배,7.262348124098124
2025-07-01,2025-07-02,8801068376999.0,삼립)미각제빵소초코왕소라빵80g,빵/디저트,8.890849236874239
2025-07-01,2025-07-02,8801068913743.0,삼립)프리미엄햄에그샌드(중단),조리빵,3.748776546814732
2025-07-01,2025-07-02,8801094012403.0,코카)콜라펫1.5L,음료,2.202539815847328
2025-07-01,2025-07-02,8806011435679.0,동아)박카스맛젤리신맛50g,캔디/초콜릿,9.314411025422846
2025-07-01,2025-07-02,8809650792332.0,대정)치킨&햄샌드위치(중단),조리빵,8.475402045666753
2025-07-01,2025-07-02,8809650797757.0,대정)더빅뉴참치마요삼각,밥류,3.2201276392689437
2025-07-01,2025-07-02,8809650799430.0,대정)뉴참치김치김밥,밥류,3.7767310713877094
2025-07-01,2025-07-02,8809650799829.0,대정)더빅숯불갈비맛삼각,밥류,3.0835444925444926
2025-07-01,2025-07-02,8809650799898.0,대정)돈까스&김치볶음김밥2편,밥류,9.795650793650795
2025-07-01,2025-07-02,8809713910185.0,OKF)샤인머스켓펫500ml,음료,4.652793650793651
2025-07-01,2025-07-02,8809962580641.0,대정)더빅뉴전주비빔삼각김밥,밥류,4.159644927536232
2025-07-01,2025-07-02,8809962581600.0,대정)햄에그샌드위치,조리빵,7.982517228267223
2025-08-01,2025-08-02,4897036692073.0,코카)몬스터에너지시트라캔355ml,음료,10.010109140859145
2025-08-01,2025-08-02,8801007403571.0,CJ)맥스봉숯불구이맛핫바90g,간편식품,7.153836824123589
2025-08-01,2025-08-02,8801062879090.0,롯데)ABC초코쿠키쿠앤크43g(32),과자,4.078113664493801
2025-08-01,2025-08-02,8801068913736.0,삼립)프리미엄햄에그샌드2편(중단),조리빵,34.129075036075044
2025-08-01,2025-08-02,8801115224143.0,서울)마이픽플레인쿠키링131g,유제품,18.910853840603846
2025-08-01,2025-08-02,8801382127789.0,웅진)자연은알로에펫500ml,음료,14.395188145188149
2025-08-01,2025-08-02,8801382147107.0,아임이)신선함을그대로오렌지펫1.5L,음료,2.329180565633321
2025-08-01,2025-08-02,8809650792349.0,대정)치킨&햄샌드위치2편(중단),조리빵,37.01039907314907
2025-08-01,2025-08-02,8809650795210.0,대정)촉촉에그몰랑샌드위치2편,조리빵,19.418377344877342
2025-08-01,2025-08-02,8809650798020.0,대정)더블숯불갈비맛&김치제육삼각2편,밥류,23.073330447330445
2025-08-01,2025-08-02,8809787260070.0,에이스)마이짱복숭아맛22g,캔디/초콜릿,19.399278582528584
2025-08-01,2025-08-02,8809962581617.0,대정)햄에그샌드위치2편,조리빵,38.4254007936508
2025-08-01,2025-08-02,8809962582102.0,대정)CJ_햄야채토스트샌드2편,조리빵,18.1771038961039
2025-09-01,2025-09-02,4897036693797.0,코카)몬스터에너지선라이즈캔355ml,음료,10.536856726606722
2025-09-01,2025-09-02,8410707007486.0,후버)파인애플&사과&포도주스200ml(S),유제품,11.521747252747257
2025-09-01,2025-09-02,8410707007509.0,후버)복숭아&포도주스200ml(S),유제품,8.850168276168276
2025-09-01,2025-09-02,8800244140133.0,아임이)아메리카노헤이즐넛향340ml,음료,11.001845238095243
2025-09-01,2025-09-02,8801007446998.0,CJ)햇반직화짜장덮밥,가공식품,4.79843273308912
2025-09-01,2025-09-02,8801007894850.0,CJ)햇반빅치킨마요덮밥,가공식품,4.937373205154454
2025-09-01,2025-09-02,8801045431314.0,오뚜기)진비빔면(큰컵),가공식품,5.57553787071442
2025-09-01,2025-09-02,8801056086657.0,롯데)2%아쿠아제로펫500ml,음료,155.1704145021645
2025-09-01,2025-09-02,8801056241506.0,롯데)펩시제로카페인캔355ml,음료,11.006260461760464
2025-09-01,2025-09-02,8801068913774.0,삼립)상하이스파이시버거2편(중단),조리빵,18.73291197691198
2025-09-01,2025-09-02,8801073212619.0,삼양)로제불닭볶음면큰컵,가공식품,13.269779637029636
2025-09-01,2025-09-02,8801094989200.0,코카)씨그램레몬펫350ml,음료,9.02808725182863
2025-09-01,2025-09-02,8801117368005.0,오리온)키위알맹이젤리67g,캔디/초콜릿,7.731443000973677
2025-09-01,2025-09-02,8801155742393.0,덴마크)소화가잘되는우유190ml,유제품,13.177436147186144
2025-09-01,2025-09-02,8801155743772.0,덴마크)소화가잘되는우유딸기190ml,유제품,11.264630230880233
2025-09-01,2025-09-02,8801155743789.0,덴마크)소화가잘되는우유초코190ml,유제품,40.88268542568543
2025-09-01,2025-09-02,8801550004867.0,아임이)허니얼그레이티원컵(D),커피차/건강,8.757234338530337
2025-09-01,2025-09-02,8805684010633.0,MDS)라구파스타230g,간편식품,8.274707575933736
2025-09-01,2025-09-02,8806016115613.0,동화)생생톤UP병210ml,음료,10.367160333627726
2025-09-01,2025-09-02,8808024025809.0,쟈뎅)시그니처빅헤이즐넛320ml,음료,6.669448485307509
2025-09-01,2025-09-02,8809083707422.0,이가)수제비라면183g,간편식품,7.445139571320552
2025-09-01,2025-09-02,8809296884675.0,아임이)얼큰e라면봉지,가공식품,10.594435966810968
2025-09-01,2025-09-02,8809565381607.0,그린)스테이크버거2편(중단),조리빵,11.828065656565657
2025-09-01,2025-09-02,8809565381768.0,그린)불고기새우버거2편(중단),조리빵,8.45665564877989
2025-09-01,2025-09-02,8809565381812.0,그린)불고기버거2편(중단),조리빵,13.022622100122103
2025-09-01,2025-09-02,8809565382062.0,그린)빅더블불고기치즈버거2편(중단),조리빵,11.572343961593964
2025-09-01,2025-09-02,8809650793605.0,대정)숯불맛소불고기김밥2편,밥류,88.38441666666668
2025-09-01,2025-09-02,8809650794725.0,대정)통스팸계란삼각김밥2편,밥류,134.3290945165945
2025-09-01,2025-09-02,8809650797641.0,대정)더빅베이컨참치마요삼각2편,밥류,63.1627968975469
2025-09-01,2025-09-02,8809650797764.0,대정)더빅뉴참치마요삼각2편,밥류,64.34544624819625
2025-09-01,2025-09-02,8809650797818.0,대정)더빅통햄참치마요삼각2편,밥류,72.54951911976913
2025-09-01,2025-09-02,8809650797887.0,대정)통스팸참치마요삼각,밥류,16.097911033411034
2025-09-01,2025-09-02,8809650797894.0,대정)통스팸참치마요삼각2편,밥류,161.27341955266954
2025-09-01,2025-09-02,8809650797900.0,대정)전주비빔참치마요삼각,밥류,13.600843045843046
2025-09-01,2025-09-02,8809650797917.0,대정)전주비빔참치마요삼각2편,밥류,129.707420995671
2025-09-01,2025-09-02,8809650799836.0,대정)더빅숯불갈비맛삼각2편,밥류,52.27897943722945
2025-09-01,2025-09-02,8809909950643.0,탭스)나들이도시락2편(유부&닭강정),밥류,10.984256243756244
2025-09-01,2025-09-02,8809962580788.0,대정)뉴참치마요삼각김밥,밥류,13.18871517371517
2025-09-01,2025-09-02,8809962580795.0,대정)뉴참치마요삼각김밥2편,밥류,137.25719336219333
2025-09-01,2025-09-02,8809962583505.0,대정)더빅참치김치삼각2편,밥류,47.22426875901878
2025-09-01,2025-09-02,8809962584588.0,대정)상상_900삼각2편(햄베이컨참치),밥류,95.19362554112553
2025-09-01,2025-09-02,8809962584601.0,대정)매콤제육햄말이주먹밥2편,밥류,170.49009812409807
2025-09-01,2025-09-02,8809962585110.0,대정)여경래_더빅XO게맛살볶음밥삼각2편,밥류,12.222456349206347
2025-09-01,2025-09-02,8990800000992.0,농심)멘토스포도,캔디/초콜릿,9.540182151182151
2025-10-01,2025-10-02,4897036693728.0,코카)몬스터에너지제로슈거캔355ml,음료,15.652966450216447
2025-10-01,2025-10-02,4902494220024.0,아임이)구슬알라무네오리지널200ml(S),음료,19.621263071895424
2025-10-01,2025-10-02,80050094.0,매일)킨더초콜렛맥시T1,캔디/초콜릿,14.737794011544011
2025-10-01,2025-10-02,8800244140195.0,아임이)블루레몬에이드340ml,음료,9.502975000263216
2025-10-01,2025-10-02,8801007348308.0,CJ)맥스봉청양고추후랑크80g,간편식품,19.79086071267587
2025-10-01,2025-10-02,8801007894812.0,CJ)햇반빅스팸마요덮밥,가공식품,6.557115800865801
2025-10-01,2025-10-02,8801007921235.0,CJ)햇반빅치즈닭갈비덮밥,가공식품,6.615547619047618
2025-10-01,2025-10-02,8801045004280.0,오뚜기)고기버블만두168g,간편식품,18.52106240981241
2025-10-01,2025-10-02,8801045338286.0,오뚜기)김치버블만두168g,간편식품,5.043325187969924
2025-10-01,2025-10-02,8801068402261.0,포켓몬)피카츄치즈케익80g,빵/디저트,40.36061724386725
2025-10-01,2025-10-02,8801111905299.0,크라운)키커바1000,캔디/초콜릿,62.23096825396824
2025-10-01,2025-10-02,8801115215851.0,서울)마이픽딸기초코링120g,유제품,7.106428063576121
2025-10-01,2025-10-02,8801116025695.0,43K)에임트와이스(에이블),담배,9.876987101231157
2025-10-01,2025-10-02,8801382147121.0,아임이)신선함을그대로알로에펫500ml,음료,56.23434704184705
2025-10-01,2025-10-02,8802876205280.0,아임이)이천쌀미니약과80g,과자,48.505854978354975
2025-10-01,2025-10-02,8809288635315.0,BR)망고탱고워터펫500ml,음료,3.7691177966221927
2025-10-01,2025-10-02,8809296884552.0,아임이)얼큰e라면컵,가공식품,119.33234054834051
2025-10-01,2025-10-02,8809650793131.0,대정)통스팸마요&김치반반김밥2편,밥류,102.96451973026971
2025-10-01,2025-10-02,8809650794015.0,대정)베이컨참치마요김밥2편,밥류,138.59959848484846
2025-10-01,2025-10-02,8809650799447.0,대정)뉴참치김치김밥2편,밥류,106.43732070707068
2025-10-01,2025-10-02,8809650799584.0,대정)불고기전주비빔김밥2편,밥류,105.98295959595958
2025-10-01,2025-10-02,8809909950759.0,탭스)계란말이김밥2편,밥류,99.53477705627705
2025-10-01,2025-10-02,8809962581549.0,대정)페스츄리에그샌드2편(중단),조리빵,11.424234924432294
2025-10-01,2025-10-02,8809962581846.0,대정)고소한참치마요김밥2편,밥류,110.11229689754686
2025-10-01,2025-10-02,8809962583437.0,대정)불향가득불고기김밥2편,밥류,90.11639213564213
2025-10-01,2025-10-02,8809962584175.0,대정)상상_1900김밥2편,밥류,103.966101010101
2025-10-01,2025-10-02,9556001216144.0,네슬레)킷캣청키쿠키앤크림38g,캔디/초콜릿,10.88260422910423
2025-11-01,2025-11-02,6907938051064.0,에이스)쿠키속초코짱19g,과자,73.9200396825397
2025-11-01,2025-11-02,6971834070283.0,아임이)달콤바삭쌀과자100g(S)(20),과자,27.850790404040403
2025-11-01,2025-11-02,8800244140157.0,아임이)벤티아메리카노헤이즐넛향500ml,음료,2.793518073865308
2025-11-01,2025-11-02,8800244140355.0,아임이)온숲제로망고에이드340ml,음료,9.046364881028277
2025-11-01,2025-11-02,8801007966724.0,CJ)닭가슴살직화통살페퍼100g,간편식품,19.775453102453103
2025-11-01,2025-11-02,8801013776829.0,큐원)상쾌환스틱ZERO(청사과맛),커피차/건강,6.329756054332138
2025-11-01,2025-11-02,8801037003536.0,동서)스타벅스더블샷바닐라캔275ml,음료,4.518914729714728
2025-11-01,2025-11-02,8801043015110.0,농심)오징어짬뽕봉지,가공식품,9.418625542586067
2025-11-01,2025-11-02,8801043022262.0,농심)짜파게티더블랙큰사발,가공식품,7.922165185691503
2025-11-01,2025-11-02,8801043036535.0,농심)닭다리66g(20),과자,5.285572664678133
2025-11-01,2025-11-02,8801043068178.0,농심)멘토스사워파인애플,캔디/초콜릿,10.052106675566092
2025-11-01,2025-11-02,8801043070881.0,농심)신라면더레드큰사발,가공식품,8.344537518037518
2025-11-01,2025-11-02,8801045525204.0,오뚜기)참깨라면봉지,가공식품,2.8688117797897688
2025-11-01,2025-11-02,8801062381814.0,롯데)도리토스나쵸치즈84g(12),과자,6.257873292226435
2025-11-01,2025-11-02,8801068405651.0,삼립)초당옥수수크림빵100g,빵/디저트,8.727519119769118
2025-11-01,2025-11-02,8801094985202.0,코카)씨그램라임펫350ml,음료,5.45446754366491
2025-11-01,2025-11-02,8801111953924.0,크라운)마이쮸핑크리치44g,캔디/초콜릿,6.700999797504888
2025-11-01,2025-11-02,8801117113407.0,오리온)핫고래밥매콤양념56g(12),과자,5.870422252371542
2025-11-01,2025-11-02,8801117339302.0,오리온)왕꿈틀이67g,캔디/초콜릿,4.046682151900958
2025-11-01,2025-11-02,8801117362409.0,오리온)자두알맹이젤리67g,캔디/초콜릿,8.592757503607501
2025-11-01,2025-11-02,8801382147145.0,아임이)신선함을그대로감귤펫500ml,음료,45.884475108225125
2025-11-01,2025-11-02,8801382148739.0,아임이)소프트워터복숭아펫500ml(new),음료,10.207940836940837
2025-11-01,2025-11-02,8801382148753.0,아임이)소프트워터청포도펫500ml(new),음료,9.584343073593072
2025-11-01,2025-11-02,8801382148777.0,아임이)에너지워터블루레몬펫500ml(new),음료,11.166326423576425
2025-11-01,2025-11-02,8801898162878.0,행복)반숙란2입,간편식품,23.3261009383337
2025-11-01,2025-11-02,88021492.0,P)테리아퍼플웨이브,담배,31.979927128427136
2025-11-01,2025-11-02,88022147.0,J)메비우스LBS믹스그린1mg,담배,6.512292263292262
2025-11-01,2025-11-02,8808024033477.0,아임이)아메리카노블랙340ml,음료,28.72983477633478
2025-11-01,2025-11-02,8809027550039.0,"아임이)진지한풍미,빠다팝콘90g(10)",과자,4.1281978932328425
2025-11-01,2025-11-02,8809171363493.0,죠스)매콤꾸덕로제떡볶이198g,간편식품,4.6757367428648715
2025-11-01,2025-11-02,8809184807588.0,밸런스그로우)수박에이드230ml,음료,6.343821037756449
2025-11-01,2025-11-02,8809223278980.0,PK)초코썸76g(16),과자,5.381823756752947
2025-11-01,2025-11-02,8809486991770.0,효성)무직타이거찹쌀손약과50g,과자,14.090360028860031
2025-11-01,2025-11-02,8809626920295.0,링티)제로복숭아펫500ml,음료,11.911539987789988
2025-11-01,2025-11-02,8809720820644.0,에이스)추억의초코도나스60g,빵/디저트,11.99353938545115
2025-11-01,2025-11-02,8809799270203.0,링티)제로레몬펫500ml,음료,9.739480158730156
2025-11-01,2025-11-02,8809990627301.0,더바인)아르케어병120ml,음료,13.313658730158734
2025-11-01,2025-11-02,8995077605123.0,아임이)바닐라향웨이퍼롤115g(S),과자,6.779256208703576
2025-12-01,2025-12-02,1500000200596.0,CJ)햇반사골곰탕국밥,가공식품,9.00180701754386
2025-12-01,2025-12-02,3045471008114.0,폴트)딸기타르트150g,과자,10.668924603174606
2025-12-01,2025-12-02,5410126132038.0,로투스)벨지안와플50g,빵/디저트,32.93320238095238
2025-12-01,2025-12-02,7622201750848.0,호올스)멘톨27.9g,캔디/초콜릿,12.411783189033194
2025-12-01,2025-12-02,8800244140218.0,아임이)사과에이드340ml,음료,8.75264547181737
2025-12-01,2025-12-02,8801007611679.0,CJ)햇반철판제육덮밥,가공식품,7.110837991122802
2025-12-01,2025-12-02,8801007638225.0,CJ)햇반철판김치덮밥,가공식품,6.4601944124792245
2025-12-01,2025-12-02,8801007732466.0,CJ)햇반버터장조림비빔밥,가공식품,12.643999890206409
2025-12-01,2025-12-02,8801007820415.0,CJ)햇반불닭마요덮밥,가공식품,7.227917591510546
2025-12-01,2025-12-02,8801037091113.0,오레오)씬즈화이트크림84g(24),과자,9.303243686868688
2025-12-01,2025-12-02,8801043036597.0,농심)양파링80g(20),과자,5.175717950448246
2025-12-01,2025-12-02,8801043068314.0,농심)먹태깡청양마요맛60g(16),과자,9.515518482725005
2025-12-01,2025-12-02,8801045725529.0,오뚜기)컵밥오뚜기카레320g,가공식품,6.771410216002671
2025-12-01,2025-12-02,8801045750743.0,오뚜기)바삭한빅핫도그120g,간편식품,9.289615040289306
2025-12-01,2025-12-02,8801045750750.0,오뚜기)바삭한모짜소떡핫도그100g,간편식품,6.271233667894355
2025-12-01,2025-12-02,8801056083557.0,롯데)칸타타아이스스윗아메리카노제로230ml,음료,9.752389029429349
2025-12-01,2025-12-02,8801062247431.0,롯데)칙촉오리지널(15),과자,9.107758267758198
2025-12-01,2025-12-02,8801062870462.0,롯데)빠다코코낫100gR(30),과자,9.043455417070584
2025-12-01,2025-12-02,8801068406832.0,삼립)신선가득꿀호떡200g,빵/디저트,25.51669336219337
2025-12-01,2025-12-02,8801073311305.0,삼양)로제불닭납작당면,가공식품,9.686039682539683
2025-12-01,2025-12-02,8801097150034.0,동아)포카리스웨트펫1.5L,음료,3.4921167888192577
2025-12-01,2025-12-02,8801104220125.0,빙그레)초코타임200ml,유제품,166.71196248196244
2025-12-01,2025-12-02,8801104220200.0,빙그레)딸기타임200ml,유제품,111.00924531024528
2025-12-01,2025-12-02,8801104250283.0,빙그레)쥬시쿨자두180ml,유제품,31.54500992063492
2025-12-01,2025-12-02,8801116003907.0,K)보헴쿠바나더블,담배,6.629160285205114
2025-12-01,2025-12-02,8801116005574.0,02K)에쎄체인지4mg,담배,10.022855339105334
2025-12-01,2025-12-02,8801116006533.0,23K)보헴시가슬림핏브라운1mg,담배,10.28225392212221
2025-12-01,2025-12-02,8801116006830.0,19K)레종프렌치블랙3mg,담배,6.355801530713295
2025-12-01,2025-12-02,8801116007257.0,05K)에쎄체인지업1mg,담배,6.127261351202325
2025-12-01,2025-12-02,8801116008131.0,K)레종휘바3mg,담배,5.580113574239026
2025-12-01,2025-12-02,8801117123901.0,마켓오네이처)오그래놀라유산균바35g,캔디/초콜릿,21.374012154512148
2025-12-01,2025-12-02,8801117173609.0,오리온)도도한나쵸치폴레마요84g(14),과자,9.590104147645347
2025-12-01,2025-12-02,8801117277109.0,닥터유)다이제2000,과자,4.240435016462579
2025-12-01,2025-12-02,8801117359607.0,오리온)포도알맹이젤리67g,캔디/초콜릿,18.80312805238149
2025-12-01,2025-12-02,8801117365103.0,오리온)리찌알맹이젤리67g,캔디/초콜릿,11.224006757131752
2025-12-01,2025-12-02,8801117765903.0,오리온)도도한나쵸치즈1500(12),과자,11.824784992784993
2025-12-01,2025-12-02,8801123725694.0,롯데)의성마늘프랑크빅핫도그140g,간편식품,6.302894452999651
2025-12-01,2025-12-02,8801155732769.0,동원)덴마크테이크얼라이브머스캣청포도250ml,유제품,14.041537878787876
2025-12-01,2025-12-02,8801155735074.0,동원)덴마크테이크얼라이브스위트자몽250ml,유제품,16.246731896758213
2025-12-01,2025-12-02,8801155735135.0,동원)덴마크테이크얼라이브블러드오렌지250ml,유제품,13.203226578976578
2025-12-01,2025-12-02,88011752.0,P)말보로화이트후레쉬,담배,7.535230457148611
2025-12-01,2025-12-02,88013121.0,P)팔리아멘트아쿠아5mg,담배,6.131849149760914
2025-12-01,2025-12-02,8801382147114.0,아임이)신선함을그대로포도펫1.5L,음료,5.538344168285226
2025-12-01,2025-12-02,8801382149453.0,아임이)신선함을그대로망고펫500ml,음료,65.65147005772005
2025-12-01,2025-12-02,88014494.0,P)말보로블랙후레쉬,담배,9.030693090727878
2025-12-01,2025-12-02,8801753111966.0,연세)플레인요거트300ml,유제품,19.53113095238095
2025-12-01,2025-12-02,8801898162823.0,행복)훈제란2입,간편식품,51.48310461760461
2025-12-01,2025-12-02,88020761.0,J)메비우스오리지날,담배,11.957200577200574
2025-12-01,2025-12-02,88021331.0,J)메비우스LBS옐로우1mg,담배,15.397122655122653
2025-12-01,2025-12-02,88022116.0,J)메비우스LBS옐로우3mg,담배,14.075302831268344
2025-12-01,2025-12-02,88022536.0,J)메비우스LBS2.0선셋비치3mg,담배,22.462750721500708
2025-12-01,2025-12-02,88023021.0,P)테리아그린,담배,4.902506198482669
2025-12-01,2025-12-02,88023403.0,P)말보로비스타트로피컬스플래시,담배,33.21189935064934
2025-12-01,2025-12-02,88023465.0,P)말보로비스타썸머스플래시3mg,담배,8.194406210279844
2025-12-01,2025-12-02,88023564.0,P)테리아썸머웨이브,담배,17.390429015429014
2025-12-01,2025-12-02,8808024026981.0,쟈뎅)시그니처빅아메리카노블랙320ml,음료,12.318294372294371
2025-12-01,2025-12-02,8808024030711.0,쟈뎅)까페리얼빅샤인머스캣에이드320ml,음료,8.166162049047426
2025-12-01,2025-12-02,8808244201045.0,광동)삼다수펫2L,음료,9.180316017316018
2025-12-01,2025-12-02,8809288634967.0,BR)레인보우샤베트워터펫500ml,음료,3.433600388319901
2025-12-01,2025-12-02,8809288635131.0,BR)베리베리스트로베리초코볼32g,캔디/초콜릿,18.389328643578647
2025-12-01,2025-12-02,8809293682489.0,미야오캣)곤약젤리포도130g,간편식품,9.643118686868691
2025-12-01,2025-12-02,8809388463931.0,이디야)돌체콜드브루300ml,유제품,7.871607862672851
2025-12-01,2025-12-02,8809402812134.0,프란찌)요거트초코쿠키58g,과자,8.98504477549434
2025-12-01,2025-12-02,8809403539085.0,인테이크)슈가로로코코제로리치펫340ml,음료,7.668181165299907
2025-12-01,2025-12-02,8809403539092.0,인테이크)슈가로로코코제로포도펫340ml,음료,16.913002525252526
2025-12-01,2025-12-02,8809565382055.0,그린)인기인가요샌드위치2편,조리빵,29.833528860028864
2025-12-01,2025-12-02,8809650794770.0,대정)스팸김치볶음삼각김밥,밥류,19.3087619047619
2025-12-01,2025-12-02,8809650799089.0,대정)햄참치마요삼각김밥,밥류,22.469896825396816
2025-12-01,2025-12-02,8809650799157.0,대정)뉴숯불갈비맛삼각김밥,밥류,20.91086868686868
2025-12-01,2025-12-02,8809650799195.0,대정)참치김치삼각김밥,밥류,21.55716432178932
2025-12-01,2025-12-02,8809844301913.0,매일)딥초콜릿케이크105g,빵/디저트,18.349833943833946
2025-12-01,2025-12-02,8809962581587.0,대정)아삭햄야채샐러드샌드위치,조리빵,26.146234376734373
2025-12-01,2025-12-02,8809962582355.0,대정)올바른햄에그김치김밥,밥류,8.140629490392648
2025-12-01,2025-12-02,8809962583307.0,대정)소고기고추장삼각김밥,밥류,20.20611188811188
2025-12-01,2025-12-02,8809962583475.0,대정)치킨마요삼각김밥,밥류,18.25943731431966
2025-12-01,2025-12-02,8998389221081.0,아임이)초코칩쿠키400g(S),과자,4.499970779220778
2025-12-01,2025-12-02,9555022306551.0,아임이)라면스낵250g10입(S)(10),과자,10.863928571428572
2026-01-01,2026-01-02,1500000200602.0,CJ)햇반순두부찌개국밥,가공식품,3.346306277056277
2026-01-01,2026-01-02,3424005.0,롯데)허쉬크리미밀크40g,캔디/초콜릿,7.622786796536798
2026-01-01,2026-01-02,5410126486438.0,로투스)비스코프93g,과자,2.249643217893219
2026-01-01,2026-01-02,6914973603035.0,마즈)스키틀즈오리지날45g,캔디/초콜릿,3.7645465367965363
2026-01-01,2026-01-02,76145759.0,토블론)밀크초콜렛35g,캔디/초콜릿,7.62179761904762
2026-01-01,2026-01-02,7622201750824.0,호올스)라임27.9g,캔디/초콜릿,4.848237734487735
2026-01-01,2026-01-02,7622210248428.0,밀카)무40g,과자,7.924909451659452
2026-01-01,2026-01-02,8691216099579.0,하리보)골드베어사우어80g,캔디/초콜릿,7.791883116883117
2026-01-01,2026-01-02,8800244140096.0,아임이)벤티아메리카노블랙500ml,음료,4.397003968253967
2026-01-01,2026-01-02,8800244140171.0,아임이)복숭아에이드340ml,음료,4.2270735930735945
2026-01-01,2026-01-02,8801007009377.0,CJ)가쓰오우동한그릇용기면222.5g,간편식품,6.619482683982684
2026-01-01,2026-01-02,8801007171210.0,HK)헛개수펫500ml,음료,4.07034126984127
2026-01-01,2026-01-02,8801007566412.0,CJ)햇반중화마파덮밥,가공식품,4.793979190400243
2026-01-01,2026-01-02,8801007608112.0,CJ)햇반직화불고기덮밥,가공식품,5.367269841269842
2026-01-01,2026-01-02,8801007635989.0,CJ)비비고김치볶음80g,간편식품,8.705237012987014
2026-01-01,2026-01-02,8801007778280.0,CJ)햇반치킨마요덮밥,가공식품,5.883061441482495
2026-01-01,2026-01-02,8801007849126.0,CJ)맥스봉오리지널50g,간편식품,7.513950216450217
2026-01-01,2026-01-02,8801019307089.0,해태)크림맛웨하스50g(40),과자,3.4440697387407915
2026-01-01,2026-01-02,8801019314742.0,해태)사브레84g,과자,4.658228715728716
2026-01-01,2026-01-02,8801019607912.0,해태)자가비짭짤한맛45g(12),과자,9.650369047619046
2026-01-01,2026-01-02,8801037086188.0,동서)스타벅스오리지날병281ml,음료,3.6819283245993772
2026-01-01,2026-01-02,8801037086195.0,동서)스타벅스모카병281ml,음료,6.060964774114774
2026-01-01,2026-01-02,8801037087550.0,동서)티오피아메리카노캔275ml,음료,4.508646464646466
2026-01-01,2026-01-02,8801037088168.0,오레오)화이트크림100g(24),과자,4.653537631958685
2026-01-01,2026-01-02,8801037094701.0,동서)포스트단백질바50g,캔디/초콜릿,7.130388167388166
2026-01-01,2026-01-02,8801037095845.0,동서)콘푸라이트밀크바35g,캔디/초콜릿,7.152413059163058
2026-01-01,2026-01-02,8801037095876.0,동서)포스트오곡코코볼바33g,캔디/초콜릿,5.897472222222225
2026-01-01,2026-01-02,8801037096378.0,동서)스타벅스셀렉트카페라떼펫300ml,음료,7.039659090909089
2026-01-01,2026-01-02,8801043036078.0,농심)매운새우깡90g(20),과자,3.4705050505050496
2026-01-01,2026-01-02,8801043070058.0,농심)빵부장초코빵55g(16),과자,4.872976551226554
2026-01-01,2026-01-02,8801045146980.0,오뚜기)진라면볶음밥컵230g,간편식품,3.215324675324675
2026-01-01,2026-01-02,8801045521015.0,오뚜기)열라면봉지,가공식품,7.186025141525141
2026-01-01,2026-01-02,8801045892344.0,오뚜기)컵밥김치알밥,가공식품,3.2892479494190017
2026-01-01,2026-01-02,8801045892641.0,오뚜기)컵밥참치마요덮밥,가공식품,3.3278601398601393
2026-01-01,2026-01-02,8801056018900.0,롯데)칸타타스위트아메리카노캔275ml,음료,4.715436507936509
2026-01-01,2026-01-02,8801056018948.0,롯데)칸타타프리미엄라떼캔275ml,음료,5.249210012210012
2026-01-01,2026-01-02,8801056055202.0,롯데)트레비레몬펫500ml,음료,3.7631797676008194
2026-01-01,2026-01-02,8801056083588.0,롯데)칸타타아이스카라멜마끼아또230ml,음료,7.448746753246753
2026-01-01,2026-01-02,8801056192013.0,롯데)칠성사이다펫500ml,음료,3.6256480215690745
2026-01-01,2026-01-02,8801056624019.0,롯데)콜드포도펫250ml,유제품,3.4929001860712385
2026-01-01,2026-01-02,8801056755010.0,롯데)밀키스펫500ml,음료,8.416310966810968
2026-01-01,2026-01-02,8801062318490.0,롯데)자일리톨코팅,캔디/초콜릿,6.455410894660895
2026-01-01,2026-01-02,8801062380213.0,롯데)꼬깔콘군옥수수맛67g(12),과자,3.6484726800976786
2026-01-01,2026-01-02,8801062475711.0,롯데)땅콩미니샌드100g,빵/디저트,6.024339854589855
2026-01-01,2026-01-02,8801062633715.0,롯데)드림카카오72프로용기86g,캔디/초콜릿,6.932345307470307
2026-01-01,2026-01-02,8801062634415.0,롯데)빈츠102g(20),과자,3.0068134256094776
2026-01-01,2026-01-02,8801062864133.0,롯데)왓따망고23g,캔디/초콜릿,3.4179074675324683
2026-01-01,2026-01-02,8801062865680.0,롯데)제로초콜릿칩쿠키84g,과자,2.248565495177338
2026-01-01,2026-01-02,8801062870509.0,롯데)롯데샌드105gR(30),과자,2.722552308802309
2026-01-01,2026-01-02,8801062885404.0,롯데)짱셔요후르츠51g,캔디/초콜릿,8.1486626984127
2026-01-01,2026-01-02,8801066019447.0,사조)숯불구이맛후랑크70g,간편식품,45.33983513708515
2026-01-01,2026-01-02,8801068086003.0,삼립)정통크림빵75g,빵/디저트,9.10779761904762
2026-01-01,2026-01-02,8801068405484.0,삼립)주종슈크림빵90g,빵/디저트,5.046166666666667
2026-01-01,2026-01-02,8801068405576.0,삼립)순우유완듀팡110g,빵/디저트,6.555840187590189
2026-01-01,2026-01-02,8801068912913.0,삼립)NEW정통보름달88g,빵/디저트,7.78716233766234
2026-01-01,2026-01-02,8801068921403.0,삼립)트리플치즈부리또125g,간편식품,7.163659451659447
2026-01-01,2026-01-02,8801068921410.0,삼립)트리플미트부리또125g,간편식품,8.145554834054835
2026-01-01,2026-01-02,8801068928761.0,삼립)베이컨체다치즈부리또125g,간편식품,8.117069291819293
2026-01-01,2026-01-02,8801094017606.0,코카)콜라펫500ml,음료,8.947349927849926
2026-01-01,2026-01-02,8801094263218.0,코카)환타제로파인캔350ml,음료,6.774015873015869
2026-01-01,2026-01-02,8801094362409.0,코카)파워에이드마운틴펫1.5L,음료,2.8146910363028788
2026-01-01,2026-01-02,8801094363000.0,코카)파워에이드마운틴캔240ml,음료,7.28783802308802
2026-01-01,2026-01-02,8801094602703.0,코카)파워에이드스칼렛스톰펫600ml,음료,5.214286435786435
2026-01-01,2026-01-02,8801104304023.0,빙그레)사이즈업아메리카노350ml,유제품,5.659916000665999
2026-01-01,2026-01-02,8801104304047.0,빙그레)사이즈업카페라떼350ml,유제품,5.8679029581529605
2026-01-01,2026-01-02,8801104306591.0,빙그레)사이즈업바닐라라떼350ml,유제품,7.09179292929293
2026-01-01,2026-01-02,8801104940931.0,빙그레)사이즈업연유라떼350ml,유제품,8.524459595959597
2026-01-01,2026-01-02,8801105911299.0,코카)포도봉봉캔340ml,음료,3.809545568466622
2026-01-01,2026-01-02,8801105915006.0,코카)갈아만든배캔340ml,음료,3.1031619294448247
2026-01-01,2026-01-02,8801111186117.0,크라운)쿠크다스화이트128g,과자,2.5006044511044525
2026-01-01,2026-01-02,8801111186582.0,크라운)참크래커56g(W),과자,5.328863455988454
2026-01-01,2026-01-02,8801111922708.0,크라운)밤양갱50g,캔디/초콜릿,6.341710317460314
2026-01-01,2026-01-02,8801115224303.0,동서)스타벅스카페모카320ml,유제품,6.62429365079365
2026-01-01,2026-01-02,8801115382096.0,동서)스타벅스바닐라라떼200ml,유제품,5.572921717171718
2026-01-01,2026-01-02,8801116001293.0,K)보헴시가넘버6,담배,3.066216023012075
2026-01-01,2026-01-02,8801116021888.0,04K)에쎄체인지그램,담배,8.015278499278494
2026-01-01,2026-01-02,8801116025251.0,15K)에쎄이츠딥브라운1mg,담배,8.14690384615385
2026-01-01,2026-01-02,8801117138004.0,마켓오네이처)오그래놀라단백질바40g,캔디/초콜릿,6.581539682539681
2026-01-01,2026-01-02,8801117141301.0,오리온)고래밥볶음양념맛46g,과자,4.401267027417028
2026-01-01,2026-01-02,8801117158118.0,오리온)비쵸비125g(24),과자,3.6902091687552216
2026-01-01,2026-01-02,8801117276201.0,오리온)촉촉한초코칩160g,과자,2.8938394383394375
2026-01-01,2026-01-02,8801117342104.0,오리온)마이구미백도황도66g,캔디/초콜릿,7.117735209235209
2026-01-01,2026-01-02,8801117344108.0,오리온)아이셔캔디청사과맛42g,캔디/초콜릿,7.331079365079362
2026-01-01,2026-01-02,8801117363307.0,오리온)아이셔츄포도&샤인머스캣48g,캔디/초콜릿,10.58023917748918
2026-01-01,2026-01-02,8801117431907.0,닥터유)에너지바40g,캔디/초콜릿,9.574954184704184
2026-01-01,2026-01-02,8801117549916.0,오리온)오뜨쇼콜라150g,과자,4.581984737484737
2026-01-01,2026-01-02,8801117555818.0,오리온)리얼브라우니6입120gR,과자,4.187576756576757
2026-01-01,2026-01-02,8801117694906.0,오리온)꼬북칩초코츄러스맛80g(12),과자,4.2385886781347315
2026-01-01,2026-01-02,8801121032435.0,매일)허쉬초코프로틴235ml,유제품,5.509968253968253
2026-01-01,2026-01-02,8801121040416.0,매일)바리스타돌체라떼325ml,유제품,7.466650793650794
2026-01-01,2026-01-02,8801123410392.0,롯데)의성마늘직꾸닭매콤레드100g,간편식품,17.366627705627703
2026-01-01,2026-01-02,8801128900201.0,팔도)비락식혜캔238ml,음료,8.703694444444444
2026-01-01,2026-01-02,8801155744502.0,덴마크)하이요구르트280ml,유제품,15.256869047619048
2026-01-01,2026-01-02,8801204904246.0,청우)고구마형과자120g(20)new,과자,5.287989177489179
2026-01-01,2026-01-02,8801223010485.0,일화)부르르제로사이다캔250ml,음료,11.574264790764786
2026-01-01,2026-01-02,8801382147060.0,웅진)빅토리아청포도펫500ml,음료,6.76231349206349
2026-01-01,2026-01-02,8801382147077.0,아임이)신선함을그대로알로에펫1.5L,음료,6.571889971139971
2026-01-01,2026-01-02,8801382149477.0,아임이)신선함을그대로망고펫1.5L,음료,4.421254689754689
2026-01-01,2026-01-02,8801392060632.0,CJ)맥스봉오리지널70g,간편식품,8.031826839826842
2026-01-01,2026-01-02,8801654091947.0,아임이)바삭e김도시락김5g,가공식품,8.829293290043287
2026-01-01,2026-01-02,88017174.0,P)말보로아이스블라스트,담배,5.986494047619046
2026-01-01,2026-01-02,8801753110976.0,연세)스트로베리요거트300ml,유제품,5.209995670995671
2026-01-01,2026-01-02,8801753111201.0,연세)복숭아요거트300ml,유제품,7.568506854256854
2026-01-01,2026-01-02,88017617.0,P)말보로아이스블라스트1mg,담배,7.773612554112557
2026-01-01,2026-01-02,88023977.0,B)던힐파인컷멜로우크러쉬(New),담배,8.466303751803755
2026-01-01,2026-01-02,8802876204658.0,동화)달콤한강냉이스낵65g(12),과자,4.928967893217894
2026-01-01,2026-01-02,8803186000008.0,옐로우)올데이워터생수펫2L,음료,8.808882395382396
2026-01-01,2026-01-02,8803186200163.0,청정)몽베스트펫330ml,음료,63.75698124098126
2026-01-01,2026-01-02,8803465070234.0,흥생)반숙계란1입,간편식품,11.987774170274168
2026-01-01,2026-01-02,8803465070616.0,흥생)반숙계란2입,간편식품,41.85601279276281
2026-01-01,2026-01-02,8804973308789.0,마즈)이클립스플러스꿀&레몬향30g,캔디/초콜릿,3.8061962481962466
2026-01-01,2026-01-02,8806004407133.0,현대)미에로화이바펫350ml,음료,6.604183982683981
2026-01-01,2026-01-02,8806379998304.0,미용)접이식꼬리빗,생활잡화,3.423027417027417
2026-01-01,2026-01-02,8808024030735.0,쟈뎅)까페리얼빅복숭아아이스티320ml,음료,6.345376984126983
2026-01-01,2026-01-02,8809148791441.0,KG)페퍼그릴닭가슴살140g,간편식품,9.415391774891773
2026-01-01,2026-01-02,8809184805577.0,밸런스그로우)복숭아에이드230ml,음료,8.016586247086249
2026-01-01,2026-01-02,8809184805584.0,밸런스그로우)블루레몬에이드230ml,음료,4.345495490620491
2026-01-01,2026-01-02,8809189925140.0,아임이)통감자갈릭바게트맛110g(8),과자,6.24246248196248
2026-01-01,2026-01-02,8809256674643.0,허쉬)초콜릿칩싱글쿠키50g(10),과자,11.79678607503607
2026-01-01,2026-01-02,8809256675862.0,허쉬)다크앤화이트초콜릿칩싱글쿠키50g(10),과자,6.700935425685425
2026-01-01,2026-01-02,8809288633281.0,BR)엄마는외계인초코볼32g,캔디/초콜릿,11.226242424242423
2026-01-01,2026-01-02,8809288634974.0,BR)피치요거트워터펫500ml,음료,2.9940479987848403
2026-01-01,2026-01-02,8809293682472.0,미야오캣)곤약젤리복숭아130g,간편식품,8.417910173160173
2026-01-01,2026-01-02,8809388463924.0,이디야)토피넛시그니처라떼300ml,유제품,8.507712842712841
2026-01-01,2026-01-02,8809650799188.0,대정)뉴전주비빔삼각김밥2편,밥류,28.56424855699855
2026-01-01,2026-01-02,8809720820309.0,에이스)미니뻥튀기오리지널42g(20),과자,9.290309523809524
2026-01-01,2026-01-02,8809787260032.0,에이스)마이짱자두맛22g,캔디/초콜릿,8.626051587301587
2026-01-01,2026-01-02,8809809700652.0,웰그린)스위츠복숭아녹차제로펫500ml,음료,7.991049422799421
2026-01-01,2026-01-02,8992775315095.0,게리치즈크래커100g,과자,9.176922077922079
2026-01-01,2026-01-02,8995077605116.0,아임이)초코웨이퍼롤115g(S),과자,8.119821428571427
2026-01-01,2026-01-02,9556291801433.0,타타와)초콜릿쿠키60g,과자,4.871037157287156
2026-01-01,2026-01-02,9557062361347.0,아임이)감자칩사워크림어니언110g(S),과자,7.554948773448773
2026-02-01,2026-02-02,1001258817890.0,농심)츄파춥스11g,캔디/초콜릿,38.46071825396824
2026-02-01,2026-02-02,1500000016982.0,즉석라면)종이용기(라면조리기전용),가공식품,191.84816702741705
2026-02-01,2026-02-02,1500000105372.0,롯데)펩시콜라캔210ml(증정용),음료,7.946236957486956
2026-02-01,2026-02-02,1500000200572.0,CJ)햇반미역국밥,가공식품,12.308171384171382
2026-02-01,2026-02-02,3178530407938.0,생미쉘)초코칩마들렝175g,과자,12.655607503607506
2026-02-01,2026-02-02,34000239344.0,롯데)허쉬쿠키앤크림40g,캔디/초콜릿,15.138042568542573
2026-02-01,2026-02-02,4001686301555.0,하리보)골드베어100g,캔디/초콜릿,14.924490648240653
2026-02-01,2026-02-02,4001686323366.0,하리보)해피콜라100g,캔디/초콜릿,13.237258685758684
2026-02-01,2026-02-02,4001686375754.0,하리보)프루티부시100g,캔디/초콜릿,18.194734321234318
2026-02-01,2026-02-02,4897036691007.0,코카)몬스터에너지캔355ml,음료,39.62552705627705
2026-02-01,2026-02-02,4897036691120.0,코카)몬스터에너지울트라캔355ml,음료,224.96784956709962
2026-02-01,2026-02-02,4897036693339.0,코카)몬스터에너지망고로코캔355ml,음료,138.1901313131313
2026-02-01,2026-02-02,4897036694565.0,코카)몬스터에너지피치킨캔355ml,음료,22.585049062049066
2026-02-01,2026-02-02,4897036694817.0,코카)몬스터에너지레모네이드캔355ml,음료,40.03852380952381
2026-02-01,2026-02-02,4897036695203.0,코카)몬스터에너지스트로베리드림즈캔355ml,음료,28.00233333333334
2026-02-01,2026-02-02,5012035901738.0,하리보)스타믹스100g,캔디/초콜릿,15.97726984126984
2026-02-01,2026-02-02,50166909.0,마즈)트윅스픽앤믹스10g,캔디/초콜릿,89.0345945165945
2026-02-01,2026-02-02,50426416.0,네슬레)킷캣4핑거36.5g,캔디/초콜릿,25.263926961926963
2026-02-01,2026-02-02,5410126132472.0,로투스)벨지안와플초콜렛57.5g,빵/디저트,88.5560238095238
2026-02-01,2026-02-02,6914973603189.0,마즈)엠앤엠즈밀크싱글37g,캔디/초콜릿,14.036515873015874
2026-02-01,2026-02-02,6914973603202.0,마즈)엠앤엠즈피넛싱글37g,캔디/초콜릿,13.153672827172826
2026-02-01,2026-02-02,6917878047201.0,네슬레)프루팁스70g,캔디/초콜릿,10.531708874458877
2026-02-01,2026-02-02,6921211104292.0,농심)멘토스레인보우,캔디/초콜릿,21.611103729603737
2026-02-01,2026-02-02,6921211115076.0,농심)멘토스콜라맛,캔디/초콜릿,15.624194444444445
2026-02-01,2026-02-02,6925425474653.0,농심)츄파춥스게코젤리90g,캔디/초콜릿,32.62896428571428
2026-02-01,2026-02-02,6971834070290.0,아임이)고소바삭쌀과자100g(S)(24),과자,25.96727688977689
2026-02-01,2026-02-02,7622201750718.0,호올스)블루베리27.9g,캔디/초콜릿,10.46502236652237
2026-02-01,2026-02-02,7622201750749.0,호올스)자몽27.9g,캔디/초콜릿,17.380969696969693
2026-02-01,2026-02-02,80050278.0,페레로)로쉐T3,캔디/초콜릿,13.16635064935065
2026-02-01,2026-02-02,80176732.0,매일)킨더해피히포21g,과자,27.702277777777777
2026-02-01,2026-02-02,80177609.0,매일)킨더초콜렛T4,캔디/초콜릿,32.681999278499276
2026-02-01,2026-02-02,8410707007479.0,후버)사과주스200ml(S),유제품,14.712236124986124
2026-02-01,2026-02-02,8410707007493.0,후버)오렌지주스200ml(S),유제품,18.488461233211233
2026-02-01,2026-02-02,8691216095557.0,하리보)워미스사우어80g,캔디/초콜릿,13.9292886002886
2026-02-01,2026-02-02,8691216096370.0,하리보)해피콜라향사우어80g,캔디/초콜릿,14.493353174603175
2026-02-01,2026-02-02,8691216098794.0,하리보)피치스100g,캔디/초콜릿,12.043978354978357
2026-02-01,2026-02-02,8691216099074.0,하리보)믹스사우어80g,캔디/초콜릿,13.59607503607503
2026-02-01,2026-02-02,8691216099593.0,하리보)프리마베라80g,캔디/초콜릿,7.635232323232321
2026-02-01,2026-02-02,8691216107113.0,하리보)애플후프사우어80g,캔디/초콜릿,16.049831529581528
2026-02-01,2026-02-02,8800244140232.0,아임이)얼포카340ml,음료,40.737313492063485
2026-02-01,2026-02-02,8800244143028.0,아임이)얼배카340ml,음료,34.076611471861476
2026-02-01,2026-02-02,88002798.0,빙그레)바나나맛우유240ml,유제품,118.30645815295814
2026-02-01,2026-02-02,8801001238179.0,하이트)블랙보리라이트펫520ml,음료,72.36257539682542
2026-02-01,2026-02-02,8801007002989.0,CJ)햇반작은공기130g,가공식품,40.76734415584415
2026-02-01,2026-02-02,8801007054186.0,CJ)큰햇반300g(30),가공식품,11.1847196969697
2026-02-01,2026-02-02,8801007071046.0,HK)컨디션병100ml,음료,13.806877705627706
2026-02-01,2026-02-02,8801007280417.0,CJ)비비고썰은배추김치60g,간편식품,25.87777777777778
2026-02-01,2026-02-02,8801007310572.0,CJ)햇반210g(48),가공식품,33.50570634920635
2026-02-01,2026-02-02,8801007353395.0,CJ)햇반스팸김치볶음밥컵220g,간편식품,9.402110389610389
2026-02-01,2026-02-02,8801007358499.0,CJ)맥스봉치즈70g,간편식품,29.36197222222223
2026-02-01,2026-02-02,8801007423180.0,CJ)햇반강된장보리비빔밥,가공식품,6.508652625152624
2026-02-01,2026-02-02,8801007429298.0,CJ)비비고찐만두168g,간편식품,5.583584804084802
2026-02-01,2026-02-02,8801007732442.0,CJ)햇반스팸마요덮밥,가공식품,9.500371600621603
2026-02-01,2026-02-02,8801007820392.0,CJ)햇반김치날치알밥컵밥,가공식품,3.2728492063492056
2026-02-01,2026-02-02,8801007835396.0,CJ)맥스봉직화구이꼬치바90g,간편식품,17.877185425685425
2026-02-01,2026-02-02,8801007867045.0,CJ)햇반스팸김치덮밥,가공식품,10.322334054834059
2026-02-01,2026-02-02,8801007880303.0,CJ)맥스봉직화구이꼬치바청양고추90g,간편식품,14.830833333333338
2026-02-01,2026-02-02,8801007899985.0,CJ)닭가슴살소시지핫바80g,간편식품,189.46198448773455
2026-02-01,2026-02-02,8801007928906.0,CJ)비비고육즙불고기찐만두168g,간편식품,4.0268048618048615
2026-02-01,2026-02-02,8801007951805.0,CJ)닭가슴살청양고추핫바80g,간편식품,172.17765440115437
2026-02-01,2026-02-02,8801013776034.0,큐원)상쾌환스틱(망고맛),커피차/건강,11.501616522366522
2026-02-01,2026-02-02,8801013777376.0,큐원)상쾌환스틱(샤인머스캣맛),커피차/건강,10.493756132756133
2026-02-01,2026-02-02,8801019005909.0,해태)연양갱,캔디/초콜릿,24.47029456654457
2026-02-01,2026-02-02,8801019204951.0,해태)자유시간36g,캔디/초콜릿,38.00939213564213
2026-02-01,2026-02-02,8801019207655.0,해태)자유시간아몬드36g,캔디/초콜릿,16.396147630147627
2026-02-01,2026-02-02,8801019209000.0,해태)충전시간40g,캔디/초콜릿,12.638768759018763
2026-02-01,2026-02-02,8801019306495.0,해태)초코홈런볼46g,과자,6.041561660561659
2026-02-01,2026-02-02,8801019306907.0,해태)에이스121g,과자,4.329535381285379
2026-02-01,2026-02-02,8801019308246.0,해태)초코픽45g,과자,4.789796925296925
2026-02-01,2026-02-02,8801019309946.0,해태)포키극세,과자,25.387546897546894
2026-02-01,2026-02-02,8801019602498.0,해태)구운감자1000(30),과자,29.903887806637805
2026-02-01,2026-02-02,8801019606540.0,해태)허니버터칩(16),과자,8.194284992784993
2026-02-01,2026-02-02,8801033000126.0,정식품)베지밀B병190ml,유제품,16.27214257964258
2026-02-01,2026-02-02,8801033808913.0,정식품)베지밀고단백두유초코팩190ml,유제품,84.40247619047618
2026-02-01,2026-02-02,8801037008173.0,동서)스타벅스더블샷바닐라캔200ml,음료,12.8390753968254
2026-02-01,2026-02-02,8801037035476.0,동서)스타벅스더블샷에스프레소크림캔200ml,음료,6.382940115440116
2026-02-01,2026-02-02,8801037077698.0,동서)스타벅스돌체병281ml,음료,7.335867132867134
2026-02-01,2026-02-02,8801037086942.0,동서)스타벅스라떼컵200ml,유제품,10.827477272727274
2026-02-01,2026-02-02,8801037087543.0,동서)티오피마스터라떼캔275ml,음료,12.866196969696976
2026-02-01,2026-02-02,8801037090178.0,동서)오레오웨하스스틱(낱개),캔디/초콜릿,44.463923992674
2026-02-01,2026-02-02,8801037096392.0,동서)스타벅스셀렉트바닐라라떼펫300ml,음료,37.148942640692624
2026-02-01,2026-02-02,8801043005814.0,농심)포테토칩오리지날60g(20),과자,4.048682567432565
2026-02-01,2026-02-02,8801043014731.0,농심)안성탕면봉지,가공식품,34.529369047619056
2026-02-01,2026-02-02,8801043014809.0,농심)신라면봉지,가공식품,28.291567460317466
2026-02-01,2026-02-02,8801043014984.0,농심)얼큰한너구리봉지,가공식품,36.85039177489176
2026-02-01,2026-02-02,8801043015226.0,농심)올리브짜파게티봉지,가공식품,24.571329920079926
2026-02-01,2026-02-02,8801043015608.0,농심)짜파게티범벅소컵,가공식품,48.689520757020745
2026-02-01,2026-02-02,8801043015639.0,농심)김치사발면,가공식품,159.3917893217893
2026-02-01,2026-02-02,8801043015653.0,농심)육개장사발면,가공식품,225.0770202020202
2026-02-01,2026-02-02,8801043015714.0,농심)신라면소컵,가공식품,73.34986507936509
2026-02-01,2026-02-02,8801043015745.0,농심)오징어짬뽕소컵,가공식품,29.919099927849935
2026-02-01,2026-02-02,8801043015776.0,농심)새우탕소컵,가공식품,34.535166666666676
2026-02-01,2026-02-02,8801043015813.0,농심)튀김우동소컵,가공식품,31.392238095238095
2026-02-01,2026-02-02,8801043015837.0,농심)너구리소컵,가공식품,26.06959595959596
2026-02-01,2026-02-02,8801043015929.0,농심)김치큰사발,가공식품,30.134250000000005
2026-02-01,2026-02-02,8801043015943.0,농심)사리곰탕큰사발,가공식품,97.49612806637808
2026-02-01,2026-02-02,8801043015967.0,농심)새우탕큰사발,가공식품,103.69928282828283
2026-02-01,2026-02-02,8801043015981.0,농심)신라면큰사발,가공식품,84.78693253968255
2026-02-01,2026-02-02,8801043016025.0,농심)육개장큰사발,가공식품,31.93158730158731
2026-02-01,2026-02-02,8801043016049.0,농심)짜파게티큰사발,가공식품,80.60517857142855
2026-02-01,2026-02-02,8801043016070.0,농심)튀김우동큰사발,가공식품,154.5973131313131
2026-02-01,2026-02-02,8801043016117.0,농심)오징어짬뽕큰사발,가공식품,21.564254717504724
2026-02-01,2026-02-02,8801043017022.0,농심)신라면툼바큰사발,가공식품,95.58268759018762
2026-02-01,2026-02-02,8801043017602.0,농심)너구리큰사발,가공식품,46.11276587301586
2026-02-01,2026-02-02,8801043020237.0,농심)사천짜파게티큰사발,가공식품,29.138747835497828
2026-02-01,2026-02-02,8801043022781.0,농심)백산수펫500ml,음료,58.74080555555555
2026-02-01,2026-02-02,8801043031431.0,농심)쫄병스낵매콤한맛(30),과자,48.15010164835166
2026-02-01,2026-02-02,8801043035989.0,농심)새우깡90g(20),과자,3.682863636363635
2026-02-01,2026-02-02,8801043036313.0,농심)벌집핏자90g(20),과자,2.6012575757575758
2026-02-01,2026-02-02,8801043036436.0,농심)포스틱84g(20),과자,9.48131166056166
2026-02-01,2026-02-02,8801043041447.0,농심)신라면블랙사발면,가공식품,45.87578968253968
2026-02-01,2026-02-02,8801043045643.0,농심)안성탕면소컵,가공식품,36.44511507936508
2026-02-01,2026-02-02,8801043048774.0,농심)쫄병스낵짜파게티맛77g(30),과자,23.19769139194139
2026-02-01,2026-02-02,8801043056137.0,농심)앵그리짜파구리큰컵,가공식품,52.97702272727273
2026-02-01,2026-02-02,8801043056489.0,농심)신라면건면사발면,가공식품,45.0245064102564
2026-02-01,2026-02-02,8801043062480.0,농심)카구리큰사발,가공식품,33.705663419913414
2026-02-01,2026-02-02,8801043067317.0,츄파춥스)사워바이츠60g,캔디/초콜릿,33.02317876567878
2026-02-01,2026-02-02,8801043450690.0,농심)웰치포도캔355ml,음료,24.579727827727833
2026-02-01,2026-02-02,8801043650182.0,농심)카프리썬오렌지파우치200ml,음료,17.022950771450773
2026-02-01,2026-02-02,8801043650199.0,농심)카프리썬사파리파우치200ml,음료,11.62586363636364
2026-02-01,2026-02-02,8801043650311.0,농심)카프리썬오렌지망고파우치200ml,음료,28.950367077367087
2026-02-01,2026-02-02,8801045512518.0,오뚜기)컵누들마라탕소컵,가공식품,25.22106998556998
2026-02-01,2026-02-02,8801045520124.0,오뚜기)진라면매운맛봉지,가공식품,9.066673104673105
2026-02-01,2026-02-02,8801045551890.0,오뚜기)열라면소컵,가공식품,29.276055194805195
2026-02-01,2026-02-02,8801045555041.0,오뚜기)열튀김우동큰컵,가공식품,29.85540873015873
2026-02-01,2026-02-02,8801045560038.0,오뚜기)뿌셔뿌셔불고기맛(24),과자,8.414731601731601
2026-02-01,2026-02-02,8801045560052.0,오뚜기)뿌셔뿌셔양념치킨맛(24),과자,15.894898101898107
2026-02-01,2026-02-02,8801045560076.0,오뚜기)뿌셔뿌셔바베큐맛(24),과자,4.752853563103562
2026-02-01,2026-02-02,8801045570082.0,오뚜기)진라면매운맛소컵,가공식품,35.21181349206349
2026-02-01,2026-02-02,8801045570419.0,오뚜기)참깨라면큰컵,가공식품,162.36951010101006
2026-02-01,2026-02-02,8801045570716.0,오뚜기)열라면큰컵,가공식품,48.947415584415594
2026-02-01,2026-02-02,8801045571362.0,오뚜기)진라면순한맛큰컵,가공식품,24.45963997113998
2026-02-01,2026-02-02,8801045571386.0,오뚜기)라면볶이큰컵,가공식품,49.134168109668124
2026-02-01,2026-02-02,8801045571416.0,오뚜기)스파게티큰컵,가공식품,48.89449206349206
2026-02-01,2026-02-02,8801045571577.0,오뚜기)컵누들매콤한맛소컵,가공식품,25.555892496392488
2026-02-01,2026-02-02,8801045571638.0,오뚜기)진라면매운맛큰컵,가공식품,45.997094877344864
2026-02-01,2026-02-02,8801045572666.0,오뚜기)스낵면소컵,가공식품,38.04453571428573
2026-02-01,2026-02-02,8801045572802.0,오뚜기)치즈볶이큰컵,가공식품,33.78915476190476
2026-02-01,2026-02-02,8801045572833.0,오뚜기)참깨라면소컵,가공식품,33.96173015873016
2026-02-01,2026-02-02,8801045574097.0,오뚜기)컵누들베트남쌀국수맛소컵,가공식품,13.179239538239546
2026-02-01,2026-02-02,8801045574585.0,오뚜기)진짬뽕용기큰컵,가공식품,58.96088888888889
2026-02-01,2026-02-02,8801045576497.0,오뚜기)크림진짬뽕큰컵,가공식품,33.25660678210679
2026-02-01,2026-02-02,8801045684192.0,오뚜기)컵누들참깨라면맛소컵,가공식품,31.379222943722944
2026-02-01,2026-02-02,8801045702643.0,오뚜기)육개장소컵,가공식품,78.66573015873017
2026-02-01,2026-02-02,8801045720760.0,오뚜기)열려라참깨라면큰컵,가공식품,34.97829365079366
2026-02-01,2026-02-02,8801045759623.0,오뚜기)참깨라면볶음면큰컵,가공식품,24.39430466755467
2026-02-01,2026-02-02,8801045875538.0,오뚜기)컵밥참기름김치볶음밥259g,가공식품,7.818229486200073
2026-02-01,2026-02-02,8801045890418.0,오뚜기)맛있는밥210g,가공식품,79.26642893217893
2026-02-01,2026-02-02,8801045890432.0,오뚜기)맛있는큰밥300g,가공식품,23.584051282051274
2026-02-01,2026-02-02,8801045890692.0,오뚜기)맛있는작은밥150g,가공식품,33.40833802308803
2026-02-01,2026-02-02,8801045897585.0,오뚜기)컵밥얼큰순후추돼지국밥,가공식품,8.388748223998222
2026-02-01,2026-02-02,8801045931234.0,오뚜기)참치김치치즈볶음밥230g,간편식품,5.803677183927183
2026-02-01,2026-02-02,8801045941103.0,오뚜기)새우볶음밥컵230g,간편식품,9.257973020443611
2026-02-01,2026-02-02,8801047161608.0,동원)양반쇠고기죽287.5g,가공식품,8.717890692640692
2026-02-01,2026-02-02,8801047284482.0,동원)보성홍차복숭아제로아이스티펫500ml,음료,175.84467171717165
2026-02-01,2026-02-02,8801047284499.0,동원)보성홍차레몬제로아이스티펫500ml,음료,41.79820238095239
2026-02-01,2026-02-02,8801047284550.0,동원)보성홍차애플제로아이스티펫500ml,음료,60.139436868686886
2026-02-01,2026-02-02,8801047284598.0,동원)보성홍차샤인머스캣제로아이스티펫500ml,음료,90.12418650793656
2026-02-01,2026-02-02,8801047284642.0,동원)비타C자몽에이드제로펫500ml,음료,41.3245753968254
2026-02-01,2026-02-02,8801047289852.0,동원)보성말차펫500ml,음료,184.0725313852814
2026-02-01,2026-02-02,8801047290117.0,동원)쿨피스톡제로파인애플펫340ml,음료,29.957002358752366
2026-02-01,2026-02-02,8801047291282.0,동원)양반매실차펫500ml,음료,216.6986471861472
2026-02-01,2026-02-02,8801056002701.0,롯데)2%복숭아제로캔240ml,음료,34.32888727938729
2026-02-01,2026-02-02,8801056002725.0,롯데)2%복숭아제로펫500ml,음료,167.55714249639243
2026-02-01,2026-02-02,8801056018979.0,롯데)레쓰비마일드캔200ml,음료,19.94669194694194
2026-02-01,2026-02-02,8801056040925.0,롯데)칠성사이다캔355ml,음료,22.166809884559875
2026-02-01,2026-02-02,8801056043551.0,롯데)밀키스캔340ml,음료,36.959968253968256
2026-02-01,2026-02-02,8801056044534.0,롯데)립톤아이스티제로복숭아펫500ml,음료,33.59156168831169
2026-02-01,2026-02-02,8801056049201.0,롯데)게토레이레몬펫600ml,음료,27.89293093018094
2026-02-01,2026-02-02,8801056055189.0,롯데)트레비라임펫500ml,음료,7.8814931457431445
2026-02-01,2026-02-02,8801056083564.0,롯데)칸타타아이스블랙230ml,음료,21.409756854256855
2026-02-01,2026-02-02,8801056083571.0,롯데)칸타타아이스헤이즐넛230ml,음료,16.93005591630591
2026-02-01,2026-02-02,8801056094591.0,롯데)칸타타콘트라베이스펫500ml,음료,36.10066666666667
2026-02-01,2026-02-02,8801056096052.0,롯데)칸타타콘트라베이스저칼로리라떼펫500ml,음료,37.69358333333334
2026-02-01,2026-02-02,8801056097899.0,롯데)레쓰비그란데라떼펫500ml,음료,29.881529054279063
2026-02-01,2026-02-02,8801056098834.0,롯데)핫식스더킹파워캔355ml,음료,45.66207936507935
2026-02-01,2026-02-02,8801056104078.0,옐로우)올데이워터생수펫1L,음료,176.63704942279944
2026-02-01,2026-02-02,8801056143015.0,롯데)칠성사이다캔250ml,음료,13.53351173826174
2026-02-01,2026-02-02,8801056150013.0,롯데)펩시콜라캔355ml,음료,79.29310317460319
2026-02-01,2026-02-02,8801056154011.0,롯데)밀키스캔250ml,음료,14.610428210678213
2026-02-01,2026-02-02,8801056171032.0,롯데)핫식스더킹포스캔355ml,음료,227.2557337662338
2026-02-01,2026-02-02,8801056174149.0,롯데)레쓰비그란데헤이즐넛펫500ml,음료,30.97611815961817
2026-02-01,2026-02-02,8801056175900.0,롯데)펩시콜라제로캔355ml,음료,267.33595238095245
2026-02-01,2026-02-02,8801056175955.0,롯데)펩시콜라제로펫500ml,음료,134.08314285714286
2026-02-01,2026-02-02,8801056177584.0,롯데)칠성사이다제로펫500ml,음료,35.78260642135642
2026-02-01,2026-02-02,8801056177645.0,롯데)칠성사이다제로캔355ml,음료,31.924623931623945
2026-02-01,2026-02-02,8801056178925.0,롯데)핫식스더킹러쉬캔355ml,음료,200.8477092352092
2026-02-01,2026-02-02,8801056193010.0,롯데)펩시콜라펫600ml,음료,77.00531998556998
2026-02-01,2026-02-02,8801056228255.0,롯데)핫식스더킹제로캔355ml,음료,207.41973448773456
2026-02-01,2026-02-02,8801056233204.0,롯데)밀키스제로캔250ml,음료,33.72861635586635
2026-02-01,2026-02-02,8801056234065.0,롯데)핫식스제로캔250ml,음료,40.95096861471861
2026-02-01,2026-02-02,8801056234423.0,롯데)핫식스더킹크러쉬피치캔355ml,음료,83.89482142857142
2026-02-01,2026-02-02,8801056240998.0,롯데)핫식스더킹퍼플그레이프캔355ml,음료,178.32047041847036
2026-02-01,2026-02-02,8801056243258.0,롯데)게토레이제로펫600ml,음료,20.97259218559218
2026-02-01,2026-02-02,8801056245085.0,롯데)펩시콜라제로카페인펫500ml,음료,36.46228194028194
2026-02-01,2026-02-02,8801056248758.0,롯데)펩시콜라제로모히토펫500ml,음료,24.263267929203415
2026-02-01,2026-02-02,8801056610012.0,롯데)펩시콜라캔250ml,음료,8.449549062049062
2026-02-01,2026-02-02,8801056623012.0,롯데)콜드오렌지펫250ml,유제품,9.093075396825396
2026-02-01,2026-02-02,8801056716011.0,롯데)마운틴듀캔355ml,음료,44.62505194805196
2026-02-01,2026-02-02,8801056831011.0,롯데)솔의눈캔240ml,음료,4.605423715173715
2026-02-01,2026-02-02,8801056836016.0,롯데)게토레이캔240ml,음료,8.827202020202021
2026-02-01,2026-02-02,8801062012701.0,롯데)초코빼빼로54g(40),과자,15.16295113220114
2026-02-01,2026-02-02,8801062012725.0,롯데)아몬드빼빼로37g(40),과자,25.66297943722943
2026-02-01,2026-02-02,8801062012756.0,롯데)초코필드빼빼로53g(40),과자,32.83864321789322
2026-02-01,2026-02-02,8801062014002.0,롯데)도리토스갈비천왕치킨맛84g(12),과자,9.362769841269838
2026-02-01,2026-02-02,8801062016679.0,롯데)왓따청포도샤인머스켓23g,캔디/초콜릿,11.322975468975471
2026-02-01,2026-02-02,8801062278053.0,롯데)가나초코바아몬드43g,캔디/초콜릿,12.169862193362192
2026-02-01,2026-02-02,8801062318551.0,롯데)자일리톨빅팩F,캔디/초콜릿,28.267482323232326
2026-02-01,2026-02-02,8801062320837.0,롯데)왓따껌복숭아맛23g,캔디/초콜릿,24.75031998556999
2026-02-01,2026-02-02,8801062321773.0,롯데)왓따껌콜라맛23g,캔디/초콜릿,19.536935425685424
2026-02-01,2026-02-02,8801062323159.0,롯데)후라보노오리지날26g,캔디/초콜릿,24.83970798645799
2026-02-01,2026-02-02,8801062331673.0,롯데)목캔디파워38g,캔디/초콜릿,9.032098845598846
2026-02-01,2026-02-02,8801062335633.0,롯데)밀크카라멜50g,캔디/초콜릿,15.983794733044734
2026-02-01,2026-02-02,8801062380114.0,롯데)꼬깔콘고소한맛67g(12),과자,10.945156593406598
2026-02-01,2026-02-02,8801062381937.0,롯데)꼬깔콘매콤달콤한맛67g(12),과자,5.818291125541124
2026-02-01,2026-02-02,8801062475728.0,롯데)딸기미니샌드100g,빵/디저트,29.076064574314586
2026-02-01,2026-02-02,8801062475735.0,롯데)연유미니샌드100g,빵/디저트,23.770560245310243
2026-02-01,2026-02-02,8801062518210.0,롯데)칸쵸54g(32),과자,35.37586904761904
2026-02-01,2026-02-02,8801062628476.0,롯데)크런키34g,캔디/초콜릿,33.81515043290044
2026-02-01,2026-02-02,8801062628773.0,롯데)가나초코바45g,캔디/초콜릿,13.436474025974029
2026-02-01,2026-02-02,8801062633456.0,롯데)크런키볼용기76g,캔디/초콜릿,13.341494588744592
2026-02-01,2026-02-02,8801062634330.0,롯데)아몬드초코볼46g,캔디/초콜릿,11.7412297979798
2026-02-01,2026-02-02,8801062636884.0,롯데)가나초콜렛34g,캔디/초콜릿,14.945082445332444
2026-02-01,2026-02-02,8801062640782.0,롯데)크런키더블크런치바36g,캔디/초콜릿,37.24663961038961
2026-02-01,2026-02-02,8801062642021.0,롯데)키세스쿠앤크52g,캔디/초콜릿,10.504205627705629
2026-02-01,2026-02-02,8801062870585.0,롯데)ABC초콜릿72gR,캔디/초콜릿,11.06430808080808
2026-02-01,2026-02-02,8801062874125.0,롯데)크런키초코바30g,캔디/초콜릿,20.624325396825387
2026-02-01,2026-02-02,8801062878529.0,롯데)더블크런치바쿠앤크33g,캔디/초콜릿,31.08846500721501
2026-02-01,2026-02-02,8801062885428.0,롯데)짱셔요콜라50g,캔디/초콜릿,32.522963924963925
2026-02-01,2026-02-02,8801062893546.0,롯데)ABC초코쿠키50g(32),과자,11.111049783549786
2026-02-01,2026-02-02,8801068086225.0,삼립)치즈후레쉬팡140g,빵/디저트,26.74323412698413
2026-02-01,2026-02-02,8801068371192.0,삼립)잼있는사과쿠키,빵/디저트,34.51476406926407
2026-02-01,2026-02-02,8801068371208.0,삼립)잼있는딸기쿠키,빵/디저트,16.88662301587302
2026-02-01,2026-02-02,8801068392944.0,삼립)초코블랑48g,빵/디저트,33.28732972582972
2026-02-01,2026-02-02,8801068400786.0,삼립)허쉬초코샌드95g,빵/디저트,25.55538492063492
2026-02-01,2026-02-02,8801068402254.0,포켓몬)파이리핫소스팡90g,빵/디저트,17.89536357923122
2026-02-01,2026-02-02,8801068402285.0,포켓몬)로켓단초코롤85g,빵/디저트,36.4301984126984
2026-02-01,2026-02-02,8801068405453.0,삼립)주종단팥크림빵115g,빵/디저트,39.31620634920634
2026-02-01,2026-02-02,8801068405460.0,삼립)주종카스타드소보루130g,빵/디저트,12.843788239538243
2026-02-01,2026-02-02,8801068405545.0,삼립)순우유밀크요팡65G,빵/디저트,11.132871572871572
2026-02-01,2026-02-02,8801068405569.0,삼립)순우유연유요팡 80g,빵/디저트,15.018279720279718
2026-02-01,2026-02-02,8801068407501.0,삼립)미니꿀약과70g,빵/디저트,23.40803266178265
2026-02-01,2026-02-02,8801068409062.0,삼립)풍미가촉촉치즈케익95g,빵/디저트,33.322798701298694
2026-02-01,2026-02-02,8801068912463.0,삼립)발효빅스위트데니쉬100g,빵/디저트,21.182133505383508
2026-02-01,2026-02-02,8801068913699.0,삼립)버터갈릭스크램블샌드위치2편,조리빵,53.854718614718614
2026-02-01,2026-02-02,8801068922738.0,삼립)그릴후랑크70g,간편식품,91.99480555555557
2026-02-01,2026-02-02,8801068922905.0,삼립)불고기후랑크70g,간편식품,25.81179531579531
2026-02-01,2026-02-02,8801069171067.0,남양)초코에몽190ml,유제품,92.751176046176
2026-02-01,2026-02-02,8801069415833.0,남양)테이크핏프로틴고소한맛250ml,유제품,18.683532661782664
2026-02-01,2026-02-02,8801069416007.0,남양)테이크핏프로틴초코250ml,유제품,31.862900793650798
2026-02-01,2026-02-02,8801069417554.0,남양)테이크핏프로틴바나나250ml,유제품,12.972890692640693
2026-02-01,2026-02-02,8801069419619.0,남양)테이크핏호박고구마250ml,유제품,13.123133477633473
2026-02-01,2026-02-02,8801073102538.0,삼양)삼양라면봉지면,가공식품,10.955339771339768
2026-02-01,2026-02-02,8801073110502.0,삼양)불닭볶음면봉지,가공식품,4.2190346597846595
2026-02-01,2026-02-02,8801073112278.0,삼양)삼양라면큰컵,가공식품,29.798953463203475
2026-02-01,2026-02-02,8801073210233.0,삼양)간짬뽕큰컵,가공식품,39.01664393939394
2026-02-01,2026-02-02,8801073210363.0,삼양)불닭볶음면큰컵,가공식품,116.38488744588747
2026-02-01,2026-02-02,8801073210776.0,삼양)불닭볶음면소컵,가공식품,45.21370238095237
2026-02-01,2026-02-02,8801073210967.0,삼양)치즈불닭볶음면큰컵,가공식품,22.97250685425685
2026-02-01,2026-02-02,8801073211469.0,삼양)까르보불닭볶음면큰컵,가공식품,108.39911219336216
2026-02-01,2026-02-02,8801073211520.0,삼양)까르보불닭볶음면소컵,가공식품,27.274917027417022
2026-02-01,2026-02-02,8801073212596.0,삼양)네가지치즈불닭볶음큰컵,가공식품,46.89698340548339
2026-02-01,2026-02-02,8801074004107.0,옐로우)레드크랩150g,간편식품,27.337603174603178
2026-02-01,2026-02-02,8801094000288.0,코카)파워에이드제로라임펫600ml,음료,78.92806746031744
2026-02-01,2026-02-02,8801094013004.0,코카)콜라캔250ml,음료,50.92203282828282
2026-02-01,2026-02-02,8801094017200.0,코카)콜라캔350ml,음료,12.344459595959597
2026-02-01,2026-02-02,8801094082604.0,코카)콜라제로펫500ml,음료,94.87703427128424
2026-02-01,2026-02-02,8801094083007.0,코카)콜라제로캔250ml,음료,26.995810994560998
2026-02-01,2026-02-02,8801094083205.0,코카)콜라제로캔350ml,음료,29.07232234432234
2026-02-01,2026-02-02,8801094212728.0,코카)파워에이드제로펫600ml,음료,12.821269841269846
2026-02-01,2026-02-02,8801094347208.0,코카)환타제로오렌지캔350ml,음료,13.768903540903537
2026-02-01,2026-02-02,8801094362706.0,코카)파워에이드마운틴펫600ml,음료,31.78641269841271
2026-02-01,2026-02-02,8801094412005.0,코카)토레타펫500ml,음료,35.20034163059162
2026-02-01,2026-02-02,8801094412371.0,코카)토레타제로펫500ml,음료,70.88306854256855
2026-02-01,2026-02-02,8801094502669.0,코카)조지아블랙펫470ml,음료,35.66457900432901
2026-02-01,2026-02-02,8801094503000.0,코카)조지아오리지널캔240ml,음료,36.00868217893218
2026-02-01,2026-02-02,8801094512668.0,코카)조지아카페라떼펫470ml,음료,12.523466477966476
2026-02-01,2026-02-02,8801094513009.0,코카)조지아카페라떼캔240ml,음료,27.86973629148629
2026-02-01,2026-02-02,8801094523206.0,코카)조지아맥스캔240ml,음료,33.86549278499279
2026-02-01,2026-02-02,8801094603700.0,코카)파워에이드퍼플스톰펫600ml,음료,13.246160617160617
2026-02-01,2026-02-02,8801094962104.0,코카)스프라이트제로펫500ml,음료,43.809135642135644
2026-02-01,2026-02-02,8801097135215.0,동아)나랑드사이다제로캔245ml,음료,39.76802813852814
2026-02-01,2026-02-02,8801097136519.0,동아)나랑드사이다제로그린애플캔245ml,음료,24.73489399757948
2026-02-01,2026-02-02,8801097150010.0,동아)포카리스웨트캔240ml,음료,29.614097041847046
2026-02-01,2026-02-02,8801097160064.0,동아)데미소다애플캔250ml,음료,27.119443001443006
2026-02-01,2026-02-02,8801097168404.0,동아)데미소다복숭아캔250ml,음료,15.12191674991675
2026-02-01,2026-02-02,8801097250079.0,동아)포카리스웨트펫620ml,음료,57.15231782106782
2026-02-01,2026-02-02,8801097481206.0,동아)데자와밀크티펫500ml,음료,21.648559163059158
2026-02-01,2026-02-02,8801104221467.0,빙그레)딸기맛우유240ml,유제품,22.257274919524917
2026-02-01,2026-02-02,8801104666428.0,빙그레)통모짜스트링치즈18g,유제품,32.77446447996448
2026-02-01,2026-02-02,8801104946506.0,옐로우)단에이드500ml,유제품,36.43660714285715
2026-02-01,2026-02-02,8801104946520.0,옐로우)신에이드500ml,유제품,33.296932539682544
2026-02-01,2026-02-02,8801105908367.0,코카)아침에사과펫500ml,음료,17.179297452547452
2026-02-01,2026-02-02,8801105911312.0,코카)코코팜포도캔340ml,음료,12.242869075369077
2026-02-01,2026-02-02,8801105914382.0,코카)영진구론산병150ml,음료,33.46462301587304
2026-02-01,2026-02-02,8801105914610.0,코카)영진구론산스파클링병150ml,음료,43.2389706959707
2026-02-01,2026-02-02,8801105915709.0,코카)갈아만든배펫500ml,음료,28.833361832611835
2026-02-01,2026-02-02,8801111180993.0,크라운)콘초1500(18),과자,5.702098151848151
2026-02-01,2026-02-02,8801111187879.0,크라운)마이쮸딸기44g,캔디/초콜릿,15.457490342990337
2026-02-01,2026-02-02,8801111187893.0,크라운)마이쮸포도44g,캔디/초콜릿,15.431945720945718
2026-02-01,2026-02-02,8801111187916.0,크라운)마이쮸사과44g,캔디/초콜릿,17.201358419358414
2026-02-01,2026-02-02,8801111187992.0,크라운)새콤달콤딸기,캔디/초콜릿,14.20825435675436
2026-02-01,2026-02-02,8801111188012.0,크라운)새콤달콤포도,캔디/초콜릿,37.80534507159509
2026-02-01,2026-02-02,8801111611312.0,크라운)콘칲70g(16),과자,15.43857023532024
2026-02-01,2026-02-02,8801111911689.0,크라운)키커바현미28g,캔디/초콜릿,9.56479797979798
2026-02-01,2026-02-02,8801111930055.0,크라운)키커바녹차30g,캔디/초콜릿,29.651376984126987
2026-02-01,2026-02-02,8801111951876.0,크라운)마이쮸애플망고44g,캔디/초콜릿,11.803296536796537
2026-02-01,2026-02-02,8801115114031.0,서울)흰우유200ml,유제품,43.72525677100678
2026-02-01,2026-02-02,8801115212713.0,서울)비요뜨초코링138g,유제품,27.317789876789874
2026-02-01,2026-02-02,8801115382102.0,동서)스타벅스바닐라라떼320ml,유제품,25.81974297924298
2026-02-01,2026-02-02,8801115691181.0,서울)체다치즈54g,유제품,10.460492063492064
2026-02-01,2026-02-02,8801116003921.0,K)보헴쿠바나샷1mg,담배,10.135330808080807
2026-02-01,2026-02-02,8801116005314.0,01K)에쎄체인지1mg,담배,41.33929725829726
2026-02-01,2026-02-02,8801116006076.0,K)더원체인지,담배,14.362954906204902
2026-02-01,2026-02-02,8801116006731.0,K)토니노람보르기니아이스볼트GT,담배,9.078686507936506
2026-02-01,2026-02-02,8801116007172.0,20K)레종프렌치요고1mg,담배,3.7262611832611827
2026-02-01,2026-02-02,8801116007417.0,K)보헴시가리브레5mg,담배,8.003282051282051
2026-02-01,2026-02-02,8801116008551.0,K)디스아프리카아이스잭5mg,담배,14.571393939393936
2026-02-01,2026-02-02,8801116012176.0,K)릴하이브리드(액상카트리지),담배,242.172259018759
2026-02-01,2026-02-02,8801116012435.0,32K)MIIX믹스,담배,74.6840515873016
2026-02-01,2026-02-02,8801116013050.0,K)릴하이브리드(액상카트리지)보루(신),담배,15.405490981240984
2026-02-01,2026-02-02,8801116013234.0,31K)MIIX아이스더블,담배,80.805503968254
2026-02-01,2026-02-02,8801116013319.0,12K)에쎄히말라야1mg,담배,76.88636111111113
2026-02-01,2026-02-02,8801116015887.0,03K)에쎄체인지프로즌,담배,60.28444419469419
2026-02-01,2026-02-02,8801116015931.0,33K)MIIX아이스뱅,담배,30.939591269841276
2026-02-01,2026-02-02,8801116016419.0,34K)MIIX콤보,담배,28.426315850815854
2026-02-01,2026-02-02,8801116019397.0,K)레종프렌치아이스블랑,담배,29.01804204129204
2026-02-01,2026-02-02,8801116022731.0,K)보헴시가아이스핏,담배,25.24416325341326
2026-02-01,2026-02-02,8801116036028.0,K)레종이오니아아일랜드핑크0.1mg,담배,24.89302544677544
2026-02-01,2026-02-02,8801116036066.0,K)레종이오니아아쿠아그린0.1mg,담배,31.51484523809524
2026-02-01,2026-02-02,8801116037292.0,36K)MIIX블루썸,담배,10.14439285714286
2026-02-01,2026-02-02,8801116040360.0,08K)에쎄체인지슈팅레드1mg,담배,44.32649983349984
2026-02-01,2026-02-02,8801116042418.0,13K)에쎄히말라야윈터1mg,담배,88.84696536796541
2026-02-01,2026-02-02,8801116042890.0,37K)MIIX오라썸,담배,25.74718093018093
2026-02-01,2026-02-02,8801116046522.0,18K)레종이오니아미스틱퍼플0.1mg,담배,45.33802777777779
2026-02-01,2026-02-02,8801117108908.0,오리온)미쯔42g,과자,40.336230158730174
2026-02-01,2026-02-02,8801117120306.0,오리온)통크초코1200,과자,26.861994227994224
2026-02-01,2026-02-02,8801117131210.0,오리온)다이제씬84g,과자,3.73563023088023
2026-02-01,2026-02-02,8801117157500.0,마켓오네이처)오그래놀라철분바35g,캔디/초콜릿,13.655983044733045
2026-02-01,2026-02-02,8801117183509.0,오리온)포카칩스윗치즈맛60g(20),과자,3.772981990231989
2026-02-01,2026-02-02,8801117267605.0,오리온)초코칩쿠키104g,과자,10.34229329004329
2026-02-01,2026-02-02,8801117277406.0,닥터유)초코다이제194g,과자,3.403145382395382
2026-02-01,2026-02-02,8801117282301.0,오리온)예감치즈그라탕64g(20),과자,10.005541514041516
2026-02-01,2026-02-02,8801117339708.0,오리온)마이구미포도66g,캔디/초콜릿,26.83677886002886
2026-02-01,2026-02-02,8801117352806.0,오리온)아이셔캔디소다맛42g,캔디/초콜릿,14.17172510822511
2026-02-01,2026-02-02,8801117362300.0,오리온)아이셔츄레몬&라임48g,캔디/초콜릿,13.937296897546894
2026-02-01,2026-02-02,8801117362706.0,오리온)닥터유Pro단백질초코250ml,유제품,30.368698606948605
2026-02-01,2026-02-02,8801117366803.0,오리온)닥터유Pro단백질바나나250ml,유제품,12.33465694539379
2026-02-01,2026-02-02,8801117369408.0,오리온)닥터유Pro단백질딸기250ml,유제품,12.386689033189034
2026-02-01,2026-02-02,8801117370800.0,오리온)닥터유Pro단백질40g초코350ml,유제품,26.713958707958703
2026-02-01,2026-02-02,8801117392109.0,오리온)눈을감자칠리치즈56g(12),과자,22.917836829836833
2026-02-01,2026-02-02,8801117446901.0,오리온)초코송이50g,과자,31.54903571428572
2026-02-01,2026-02-02,8801117478100.0,닥터유)단백질바50g,캔디/초콜릿,26.057837856587863
2026-02-01,2026-02-02,8801117488307.0,오리온)닥터유Pro단백질바70g,캔디/초콜릿,13.597785187035184
2026-02-01,2026-02-02,8801117488901.0,오리온)톡핑헤이즐넛초콜릿43g,캔디/초콜릿,24.336145576645578
2026-02-01,2026-02-02,8801117493103.0,오리온)닥터유Pro단백질바크런치70g,캔디/초콜릿,25.334043484293485
2026-02-01,2026-02-02,8801117536411.0,오리온)초코파이900,과자,28.532452380952385
2026-02-01,2026-02-02,8801117652104.0,오리온)와우아이셔청사과21g,캔디/초콜릿,14.308715728715727
2026-02-01,2026-02-02,8801117674601.0,오리온)치킨팝닭강정맛65G(16),과자,13.108149711399712
2026-02-01,2026-02-02,8801117689704.0,오리온)치즈뿌린치킨팝65g(16),과자,13.77240656565657
2026-02-01,2026-02-02,8801117760106.0,오리온)포카칩오리지널1700(20),과자,10.037100954600954
2026-02-01,2026-02-02,8801117760304.0,오리온)포카칩어니언1700(20),과자,15.870054834054834
2026-02-01,2026-02-02,8801117762308.0,오리온)오감자찍먹양념바베큐75g(12),과자,8.953144327894327
2026-02-01,2026-02-02,8801117775001.0,오리온)스윙칩볶음고추장1700(12),과자,12.046837301587306
2026-02-01,2026-02-02,8801117777609.0,오리온)눈을감자2000(12),과자,16.823343989343993
2026-02-01,2026-02-02,8801117780203.0,오리온)무뚝뚝감자칩60g(12),과자,13.095589826839824
2026-02-01,2026-02-02,8801117783303.0,오리온)도도한나쵸사워크림어니언1500(12),과자,4.741204933954932
2026-02-01,2026-02-02,8801117798505.0,오리온)썬핫스파이시80g(12),과자,8.822641025641026
2026-02-01,2026-02-02,8801121025666.0,매일)아몬드브리즈프로틴190ml,유제품,18.37131693306693
2026-02-01,2026-02-02,8801121025710.0,매일)검은콩두유190ml,유제품,40.15217496392497
2026-02-01,2026-02-02,8801121043561.0,매일)피크닉사과240ml,유제품,152.92931854256855
2026-02-01,2026-02-02,8801121043578.0,매일)피크닉청포도240ml,유제품,41.43143290043292
2026-02-01,2026-02-02,8801121048238.0,매일)피크닉천도복숭아240ml,유제품,38.47395418470418
2026-02-01,2026-02-02,8801121190197.0,매일)허쉬초코드링크235ml,유제품,36.76012085137086
2026-02-01,2026-02-02,8801121759943.0,매일)허쉬쿠키&크림235ml,유제품,20.015116522366522
2026-02-01,2026-02-02,8801121763933.0,매일)아몬드브리즈190ml,유제품,22.681308913308904
2026-02-01,2026-02-02,8801121768068.0,매일)아몬드브리즈초콜릿190ml,유제품,38.180914862914854
2026-02-01,2026-02-02,8801121768129.0,매일)소화가잘되는멸균우유190ml,유제품,63.232733877233876
2026-02-01,2026-02-02,8801121768174.0,매일)바리스타콜드브루블랙325ml,유제품,13.371659174159173
2026-02-01,2026-02-02,8801121768440.0,매일)99.9두유190ml,유제품,40.12846176046176
2026-02-01,2026-02-02,8801121768464.0,매일)두유오리지널190ml,유제품,24.85933749583749
2026-02-01,2026-02-02,8801121771396.0,매일)바리스타쇼콜라모카325ml,유제품,23.50512393162392
2026-02-01,2026-02-02,8801121771402.0,매일)바리스타바닐라빈라떼325ml,유제품,13.594593267843267
2026-02-01,2026-02-02,8801123307289.0,롯데)의성마늘프랑크70g,간편식품,41.71845979020978
2026-02-01,2026-02-02,8801123307630.0,롯데)에센뽀득프랑크70g,간편식품,75.84482142857144
2026-02-01,2026-02-02,8801123410347.0,롯데)의성마늘직꾸닭100g,간편식품,93.4155010822511
2026-02-01,2026-02-02,8801128308076.0,hy)야쿠르트제로팩190ml,유제품,182.88458910533905
2026-02-01,2026-02-02,8801128503174.0,팔도)도시락86g,가공식품,22.763740620490623
2026-02-01,2026-02-02,8801128503211.0,팔도)왕뚜껑,가공식품,82.75396825396825
2026-02-01,2026-02-02,8801128503235.0,팔도)김치왕뚜껑,가공식품,83.43284126984125
2026-02-01,2026-02-02,8801128510004.0,팔도)꼬꼬면왕컵,가공식품,80.80204365079366
2026-02-01,2026-02-02,8801155731625.0,동원)덴마크초코초코우유300ml,유제품,44.94798737373737
2026-02-01,2026-02-02,8801155731632.0,동원)덴마크딸기딸기우유300ml,유제품,36.67289790764791
2026-02-01,2026-02-02,8801155731830.0,동원)덴마크바나바나우유300ml,유제품,30.9253676046176
2026-02-01,2026-02-02,8801155731847.0,동원)덴마크커피커피우유300ml,유제품,28.044959956709963
2026-02-01,2026-02-02,8801155735081.0,동원)덴마크테이크얼라이브망고250ml,유제품,13.112949874686715
2026-02-01,2026-02-02,8801155740054.0,덴마크)테이크얼라이브스위티자몽제로펫500ml,음료,42.06096031746032
2026-02-01,2026-02-02,8801155740061.0,덴마크)테이크얼라이브망고제로펫500ml,음료,39.83022582972583
2026-02-01,2026-02-02,8801155834616.0,동원)덴마크인포켓치즈오리지날20g,유제품,23.77140892440892
2026-02-01,2026-02-02,88011707.0,P)말보로레드,담배,14.73441738816738
2026-02-01,2026-02-02,88011721.0,P)말보로미디엄,담배,11.122264150723828
2026-02-01,2026-02-02,88011745.0,P)말보로골드오리지널,담배,30.794865079365092
2026-02-01,2026-02-02,8801223010478.0,일화)부르르제로콜라캔250ml,음료,30.604114718614728
2026-02-01,2026-02-02,8801382124528.0,웅진)아침햇살펫500ml,음료,30.5232380952381
2026-02-01,2026-02-02,8801382124849.0,웅진)하늘보리펫500ml,음료,79.62111940836941
2026-02-01,2026-02-02,8801382126560.0,웅진)초록매실펫500ml,음료,50.06576767676767
2026-02-01,2026-02-02,8801382135036.0,웅진)오곡누룽지펫500ml,음료,181.31795887445887
2026-02-01,2026-02-02,8801382145080.0,웅진)빅토리아레몬펫500ml,음료,16.287515151515148
2026-02-01,2026-02-02,8801382145769.0,웅진)광명찾은결명자차펫500ml,음료,54.30361832611832
2026-02-01,2026-02-02,8801382147091.0,아임이)신선함을그대로감귤펫1.5L,음료,9.935449161949162
2026-02-01,2026-02-02,8801382148500.0,웅진)티즐제로피치우롱티펫500ml,음료,66.90223845598842
2026-02-01,2026-02-02,8801382148524.0,웅진)티즐제로유자그린티펫500ml,음료,29.89099386724388
2026-02-01,2026-02-02,8801382149743.0,웅진)티즐제로자몽블랙티펫500ml,음료,39.75266847041847
2026-02-01,2026-02-02,8801382150206.0,웅진)자연은더말린복숭아제로펫500ml,음료,44.34335966810967
2026-02-01,2026-02-02,8801382150220.0,웅진)자연은더말린자몽제로펫500ml,음료,35.96617388167389
2026-02-01,2026-02-02,8801382151449.0,웅진)유기농하늘보리펫500ml,음료,168.38157647907647
2026-02-01,2026-02-02,8801392090516.0,CJ)맥스봉고소한치즈후랑크65g,간편식품,169.82282106782102
2026-02-01,2026-02-02,8801392090530.0,CJ)맥스봉매콤불고기핫바65g,간편식품,151.95202489177484
2026-02-01,2026-02-02,8801492384386.0,하림)돌아온매콤후랑크70g,간편식품,137.03809668109662
2026-02-01,2026-02-02,8801492391995.0,하림)마늘후랑크70g,간편식품,113.22714538239539
2026-02-01,2026-02-02,8801492392589.0,하림)직화갈비맛핫바65g,간편식품,164.03386507936503
2026-02-01,2026-02-02,8801753110501.0,연세)블루베리요거트300ml,유제품,21.900325396825384
2026-02-01,2026-02-02,88017624.0,P)팔리아멘트하이브리드5mg,담배,5.278400793650793
2026-02-01,2026-02-02,88020747.0,J)메비우스스카이블루,담배,27.643277056277054
2026-02-01,2026-02-02,88020785.0,J)메비우스LSS윈드블루3mg(New),담배,39.709443001443006
2026-02-01,2026-02-02,88020792.0,J)메비우스LSS1mg(New),담배,15.258933982683985
2026-02-01,2026-02-02,88021140.0,J)메비우스LBS스파클링듀3mg,담배,12.109122655122658
2026-02-01,2026-02-02,88022598.0,J)메비우스LBS트로피컬믹스3mg,담배,9.358464646464647
2026-02-01,2026-02-02,88022680.0,B)던힐1mg(신)_DTOLL,담배,11.310631673881677
2026-02-01,2026-02-02,8802280004080.0,레트로)옥수수브이콘50g(40),과자,35.42179040404041
2026-02-01,2026-02-02,88022963.0,B)던힐스위치ONE(신),담배,9.699699494949497
2026-02-01,2026-02-02,88023014.0,P)테리아블루,담배,30.59000360750362
2026-02-01,2026-02-02,88023441.0,P)말보로비스타슈퍼슬림포레스트,담배,8.710725108225109
2026-02-01,2026-02-02,88023540.0,P)테리아아버펄,담배,18.126207070707064
2026-02-01,2026-02-02,88024134.0,P)테리아오아시스펄,담배,11.151351676101669
2026-02-01,2026-02-02,8803186000022.0,옐로우)올데이워터생수펫500ml,음료,283.7693531746031
2026-02-01,2026-02-02,8803186200125.0,청정)몽베스트펫500ml,음료,141.26410281385282
2026-02-01,2026-02-02,8803465070173.0,흥생)구운란2입,간편식품,53.404984126984154
2026-02-01,2026-02-02,8803651000045.0,라이터)일회용,생활잡화,53.84473953823956
2026-02-01,2026-02-02,8804973131578.0,마즈)스니커즈픽앤믹스20g,캔디/초콜릿,31.523585137085146
2026-02-01,2026-02-02,8804973304811.0,마즈)이클립스페퍼민트34g,캔디/초콜릿,59.147153679653684
2026-02-01,2026-02-02,8804973304828.0,마즈)이클립스스피어민트34g,캔디/초콜릿,12.16020346320346
2026-02-01,2026-02-02,8804973304835.0,마즈)이클립스피치34g,캔디/초콜릿,27.67199550449551
2026-02-01,2026-02-02,8804973304842.0,마즈)이클립스스트로베리34g,캔디/초콜릿,10.128333333333336
2026-02-01,2026-02-02,8804973306198.0,마즈)몰티져스다크37g,캔디/초콜릿,12.967397213897213
2026-02-01,2026-02-02,8804973306204.0,마즈)몰티져스밀크37g,캔디/초콜릿,14.68135841935842
2026-02-01,2026-02-02,8804973307959.0,마즈)이클립스워터멜론30g,캔디/초콜릿,8.139083333333334
2026-02-01,2026-02-02,8804973308802.0,마즈)이클립스플러스배&비파향30g,캔디/초콜릿,14.557082251082257
2026-02-01,2026-02-02,8805684010640.0,MDS)베이컨까르보나라230g(NEW),간편식품,10.669462426462424
2026-02-01,2026-02-02,8805684010657.0,MDS)투움바파스타230g(NEW),간편식품,22.647034465534468
2026-02-01,2026-02-02,8805684010879.0,MDS)스틱콘버터60g,간편식품,54.664376984126974
2026-02-01,2026-02-02,8806002001845.0,광동)비타500병100ml,음료,27.03545707070707
2026-02-01,2026-02-02,8806002006437.0,광동)옥수수수염차펫500ml,음료,36.52584451659452
2026-02-01,2026-02-02,8806002009957.0,광동)진한헛개차펫500ml,음료,15.304964034331682
2026-02-01,2026-02-02,8806002020174.0,광동)밀싹보리차펫500ml,음료,32.95685653235654
2026-02-01,2026-02-02,8806002022185.0,광동)비타500제로병100ml,음료,40.828603174603174
2026-02-01,2026-02-02,8806011435631.0,동아)박카스젤리50g,캔디/초콜릿,25.846231074481082
2026-02-01,2026-02-02,8806011615408.0,동아)박카스에프병120ml,음료,69.58175432900434
2026-02-01,2026-02-02,8806016310018.0,동화)부채표까스활병75ml,음료,21.736502886002885
2026-02-01,2026-02-02,8806379998212.0,미용)무팁머리끈검정5P,생활잡화,11.779802308802315
2026-02-01,2026-02-02,8808024030803.0,쟈뎅)제주청보리차펫500ml,음료,110.88374206349206
2026-02-01,2026-02-02,8808024031459.0,옐로우)쓴커피500ml,유제품,199.11742568542573
2026-02-01,2026-02-02,8808024031466.0,옐로우)단커피500ml,유제품,181.38181132756134
2026-02-01,2026-02-02,8808024032708.0,옐로우)향커피500ml,유제품,34.074318903318904
2026-02-01,2026-02-02,8808024032715.0,옐로우)짠커피500ml,유제품,30.356949855699874
2026-02-01,2026-02-02,8808244201014.0,광동)삼다수펫500ml,음료,84.88739321789325
2026-02-01,2026-02-02,8809019594119.0,롯데)초코소보로패스츄리100g,빵/디저트,29.41558730158731
2026-02-01,2026-02-02,8809019594188.0,롯데)스위트패스츄리105g,빵/디저트,9.344332972582974
2026-02-01,2026-02-02,8809027550114.0,아임이)더블치즈팝콘75g(10),과자,5.249702020202019
2026-02-01,2026-02-02,8809041427065.0,OKF)알로에베라킹펫500ml,음료,46.939376262626254
2026-02-01,2026-02-02,8809083705558.0,이가)얼큰김치수제비197g,간편식품,10.54706818181818
2026-02-01,2026-02-02,8809136851096.0,제니코)뿌려뿌려모짜렐라40g,유제품,32.47305158730159
2026-02-01,2026-02-02,8809243174149.0,대광)오븐에구운도너츠40g,빵/디저트,35.876758658008654
2026-02-01,2026-02-02,8809274513948.0,풀무원)요거톡스타볼132g,유제품,30.1536341991342
2026-02-01,2026-02-02,8809296883531.0,팔도)김치도시락,가공식품,35.014881507381524
2026-02-01,2026-02-02,8809304350550.0,라이터)메탈풀캡제트터보라이터,생활잡화,20.562810384060384
2026-02-01,2026-02-02,8809388463917.0,이디야)카페라떼300ml,유제품,11.448994949494953
2026-02-01,2026-02-02,8809388464464.0,이디야)바닐라라떼300ml,유제품,11.501634920634922
2026-02-01,2026-02-02,8809388464471.0,이디야)쇼콜라모카300ml,유제품,27.952120324120337
2026-02-01,2026-02-02,8809393810515.0,키다리)세이면진실의미간잔치국수(큰컵),가공식품,28.1455387945388
2026-02-01,2026-02-02,8809395792857.0,일회용)종이컵184ml*10입,생활잡화,8.467353174603176
2026-02-01,2026-02-02,8809422011074.0,CK)한입쏙파마산치즈쿠키80g,빵/디저트,7.601179958929955
2026-02-01,2026-02-02,8809422011081.0,CK)한입쏙초코쿠키80g,빵/디저트,16.48285445110445
2026-02-01,2026-02-02,8809422041125.0,HK)새싹보리펫500ml,음료,14.601582251082256
2026-02-01,2026-02-02,8809422044430.0,HK)티로그청귤아이스티제로펫500ml,음료,35.361090548340556
2026-02-01,2026-02-02,8809422044447.0,HK)티로그복숭아아이스티제로펫500ml,음료,88.6666984126984
2026-02-01,2026-02-02,8809422045925.0,HK)티로그애플청포도아이스티제로펫500ml,음료,41.03065115440117
2026-02-01,2026-02-02,8809422045932.0,HK)티로그자두아이스티제로펫500ml,음료,35.074063492063495
2026-02-01,2026-02-02,8809650794787.0,대정)스팸김치볶음삼각김밥2편,밥류,174.33998845598842
2026-02-01,2026-02-02,8809650798105.0,대정)더블스팸김치볶음&햄참치마요삼각2편,밥류,69.48581746031746
2026-02-01,2026-02-02,8809650799096.0,대정)햄참치마요삼각김밥2편,밥류,183.26790945165948
2026-02-01,2026-02-02,8809650799164.0,대정)뉴숯불갈비맛삼각김밥2편,밥류,148.39167171717168
2026-02-01,2026-02-02,8809650799201.0,대정)참치김치삼각김밥2편,밥류,103.92245382395382
2026-02-01,2026-02-02,8809695250958.0,팔도)틈새매운김치큰컵(16),가공식품,41.501183621933635
2026-02-01,2026-02-02,8809695252761.0,팔도)김치꼬꼬면왕컵(큰컵),가공식품,20.388912393162386
2026-02-01,2026-02-02,8809720820194.0,에이스)감자알칩42g(20),과자,14.029705627705626
2026-02-01,2026-02-02,8809720820620.0,에이스)초코퐁당도넛60g,빵/디저트,30.279617077367078
2026-02-01,2026-02-02,8809809700645.0,웰그린)스위츠레몬녹차제로펫500ml,음료,33.005643578643586
2026-02-01,2026-02-02,8809909950216.0,탭스)새콤달콤유부초밥2편,밥류,25.602548340548346
2026-02-01,2026-02-02,8809909950223.0,탭스)치킨가라아게유부초밥2편,밥류,24.50763997113997
2026-02-01,2026-02-02,8809962580658.0,대정)더빅뉴전주비빔삼각김밥2편,밥류,95.86408982683983
2026-02-01,2026-02-02,8809962581594.0,대정)아삭햄야채샐러드샌드위치2편,조리빵,66.74542496392498
2026-02-01,2026-02-02,8809962581884.0,대정)베이컨치즈샌드위치2편,조리빵,38.24366197691198
2026-02-01,2026-02-02,8809962582362.0,대정)올바른햄에그김치김밥2편,밥류,115.62912914862916
2026-02-01,2026-02-02,8809962583314.0,대정)소고기고추장삼각김밥2편,밥류,148.67973124098123
2026-02-01,2026-02-02,8809962583482.0,대정)치킨마요삼각김밥2편,밥류,179.33830627705626
2026-02-01,2026-02-02,8809962583772.0,대정)참치마요햄말이주먹밥2편,밥류,213.0107579365079
2026-02-01,2026-02-02,8809962584830.0,대정)참치마요김치볶음밥계란말이2편,밥류,192.1220494227995
2026-02-01,2026-02-02,8850338019036.0,호올스XS)후르츠믹스15g,캔디/초콜릿,12.638803113553113
2026-02-01,2026-02-02,8850338019043.0,호올스XS)레몬민트15g,캔디/초콜릿,12.794001526251522
2026-02-01,2026-02-02,8850338019715.0,호올스XS)멘토립토스15g,캔디/초콜릿,9.972036796536797
2026-02-01,2026-02-02,8850389100684.0,쥬맥스)모구모구리치펫320ml,음료,24.131317654567656
2026-02-01,2026-02-02,8850389106280.0,쥬맥스)모구모구복숭아펫320ml,음료,12.485574675324674
2026-02-01,2026-02-02,8850389109229.0,쥬맥스)모구모구요거트펫320ml,음료,22.593095432345425
2026-02-01,2026-02-02,8888021200119.0,에너자이저)맥스AA2입,생활잡화,7.801843545343547
2026-02-01,2026-02-02,8990800000053.0,농심)멘토스푸르티,캔디/초콜릿,13.041781024531025
2026-02-01,2026-02-02,8994834002595.0,게메즈에낙)라면스낵치킨맛30G,과자,36.89327777777778
2026-02-01,2026-02-02,8994834005855.0,게메즈에낙)라면과자스파이시28g,과자,23.345594877344876
2026-02-01,2026-02-02,9300682051507.0,마즈)엠앤엠즈블록밀크46g,캔디/초콜릿,12.649860389610389
2026-02-01,2026-02-02,93682091.0,마즈)스니커즈땅콩싱글,캔디/초콜릿,30.538540598290602
2026-02-01,2026-02-02,9555319109186.0,이멕스)포테이토크리스프바비큐75g,과자,6.772659201909203
2026-02-01,2026-02-02,9556001198839.0,네슬레)킷캣청키40g,캔디/초콜릿,24.422472943722948
2026-02-01,2026-02-02,9556001227539.0,네슬레)킷캣녹차4핑거35g,캔디/초콜릿,18.66461189079738
2026-02-01,2026-02-02,9557062321709.0,아임이)감자칩사워크림&어니언45g(S),과자,45.41457215007215
2026-02-01,2026-02-02,9557062361330.0,아임이)감자칩오리지널110g(S),과자,11.270155483405482
